Country,Code,1961,1962,1963,1964,1965,1966,1967,1968,1969,1970,1971,1972,1973,1974,1975,1976,1977,1978,1979,1980,1981,1982,1983,1984,1985,1986,1987,1988,1989,1990,1991,1992,1993,1994,1995,1996,1997,1998,1999,2000,2001,2002,2003,2004,2005,2006,2007,2008,2009,2010,2011,2012,2013,2014,2015,2016,2017,2018,2019,2020,2021,2022,2023,2024
Afghanistan,AFG,,,,,,,,,,,,,,,,,,,,,,,,,,,,,,,,,,,,,,,,,-10.12,22.02,2.35,-2.15,7.38,1.13,11.69,1.68,17.04,11.06,-3.21,8.28,2.05,-0.94,-1.67,-0.3,-0.2,-1.71,0.86,-5.38,-22.58,-7.58,0.11,
Africa,CAF,3,-5.54,-2.63,0.05,-1.11,-1.47,2.41,-0.85,4.67,0.09,-0.95,-1.94,-0.04,4.31,-1.53,3.88,2.74,0.15,-3.5,-5.52,-2.65,6.47,-9.21,8.15,2.64,2.27,-6.18,0.03,-0.59,-5.14,-3.62,-9.35,-2.81,1.68,4.32,-6.46,2.45,1.9,0.8,-5.13,2.17,1.38,-7.63,3.73,-1.35,2.65,2.61,-0.1,9.31,5.47,2.55,4.01,-36.82,0.5,4.2,2.88,2.79,1.98,1.72,-0.74,-0.71,0.73,-0.36,-1.86
Albania,ALB,,,,,,,,,,,,,,,,,,,,,3.65,0.8,-1.02,-3.31,-0.29,3.61,-2.75,-3.26,6.92,-11.19,-27.57,-6.62,10.23,8.97,14.02,8.01,-11.16,8.99,12.96,8.15,9.89,4.94,5.73,5.71,5.67,6.69,7.31,7.73,3.39,3.49,2.74,1.15,1.89,2.45,2.53,4.08,3.38,3.93,2.5,-2.76,9.98,6.11,5.14,5.16
Algeria,DZA,-15.12,-20.85,32.28,4.12,4.61,-6.5,7.02,8.3,5.99,6.43,-13.31,24.53,1.39,4.92,1.39,3.56,1.5,6.15,4.32,-2.3,-0.29,2.91,1.88,2.06,0.23,-2.85,-3.66,-3.73,1.68,-1.67,-3.53,-0.65,-4.43,-3.07,1.67,2.08,-0.77,3.44,1.78,2.36,1.6,4.01,5.09,3.05,3.87,1.33,1.39,0.65,-0.72,2.78,1,0.38,0.55,2,1.1,1.79,-0.54,-0.55,-0.94,-6.61,2.13,1.97,2.55,1.87
Andorra,AND,,,,,,,,,,,-2.5,1.01,0.91,-0.88,-5.41,-2.53,-2.65,-3.61,-4.54,-2.01,-3.86,-2.92,-2.75,-2.33,-1.3,-1.06,1.3,1.34,2.33,-0.12,-4.82,-4.99,-5.84,0.26,3.88,4.53,7.86,2.12,3.58,3.57,7.85,3.52,4.03,1.1,1.18,1.96,-1.29,-7.39,-5.75,1.89,3.75,-3.8,-1.44,4.53,3.63,3.7,-1.81,-0.3,0.27,-12.22,6.93,7.72,1.12,2.01
Angola,AGO,,,,,,,,,,,,,,,,,,,,,-7.82,-3.61,0.4,2.14,-0.24,-0.76,0.53,2.58,-3.32,-6.67,-2.34,-8.87,-26.37,-1.89,11.22,9.77,3.69,1.25,-1.13,-0.3,0.77,9.86,-0.55,7.03,10.91,7.51,9.82,7.05,-2.9,0.45,-0.47,4.41,0.99,0.98,-2.63,-6,-3.62,-4.67,-4.01,-8.67,-1.97,-0.14,-1.99,1.29
Antigua,ATG,,,,,,,,,,,,,,,,,,4.1,7.68,7.76,3.57,-0.27,5.12,10.25,8.13,12.04,7.18,5.75,5.75,3.43,1.66,-0.44,3.38,4.67,-6.25,4.43,3.33,2.77,1.94,4.44,-6,-0.24,4.92,4.65,5.28,11.32,7.84,-1.47,-13.28,-9.08,-3.11,2.27,-1.51,1.39,0.69,3.47,2.15,6.17,2.68,-19.29,7.58,8.53,1.9,3.82
Argentina,ARG,3.7,-2.48,-6.85,8.37,8.85,-2.17,1.63,3.23,8.01,1.45,4.01,0.03,1.16,3.81,-1.62,-3.54,5.25,-6.02,8.48,-0.09,-6.7,-2.32,2.69,-0.03,-6.67,4.52,1.13,-2.61,-8.57,-3.91,7.58,6.45,6.75,4.43,-4.11,4.21,6.81,2.64,-4.49,-1.91,-5.45,-11.84,7.72,7.93,7.74,6.94,7.93,3.01,-6.91,8.97,4.88,-2.04,1.39,-3.51,1.66,-3.02,1.92,-3.42,-2.7,-10.34,10.15,5.05,-1.89,-2.06
Armenia,ARM,,,,,,,,,,,,,,,,,,,,,,,,,,,,,,,-13.21,-41.11,-5.67,8.18,8.74,6.8,4.35,8.57,4.64,4.13,9.92,13.62,14.62,11.11,14.57,13.9,14.42,7.6,-13.51,2.91,5.28,7.33,3.37,3.88,3.52,0.61,7.97,5.57,7.84,-7.17,5.77,12.34,8.48,3.48
Aruba,ABW,,,,,,,,,,,,,,,,,,,,,,,,,,,17.59,18.3,10.07,0.13,2.81,1.11,0.49,2.75,-0.29,-2.73,2.98,-0.49,-0.13,6.52,3.21,-1.63,-0.03,5.03,-2.93,-0.67,2.32,1.06,-12.27,-2.96,2.61,-2.48,4.86,-2.63,-1.64,0.95,7.04,2.23,-2.5,-25.79,25.15,8.91,4.22,
Australia,AUS,0.46,-1.15,4.2,4.9,3.92,0.07,4.97,3.26,4.83,5.08,0.54,2.02,1.06,1.51,0.1,1.56,2.43,-0.27,2.93,1.79,1.74,1.55,-3.55,3.35,3.89,2.47,1.01,4.04,2.13,2.06,-1.64,-0.69,3.13,2.98,2.74,2.61,2.79,3.63,3.88,2.74,0.72,2.8,1.91,3.12,1.91,1.38,1.9,1.53,-0.19,0.64,0.99,2.12,0.85,1.08,0.73,1.17,0.61,1.35,0.67,-1.34,1.97,2.92,0.96,-0.63
Austria,AUT,4.96,2.02,3.47,5.42,2.81,4.9,2.24,3.93,5.91,6.75,4.65,5.59,4.31,3.77,-0.1,4.76,5.04,-0.13,5.54,1.73,-0.4,1.94,3.14,0.06,2.45,2.24,1.29,3.15,3.42,3.55,2.41,0.98,-0.3,2.01,2.51,2.08,2.03,3.38,3.56,2.94,0.93,0.99,0.65,1.93,1.63,2.76,3.44,1.14,-3.84,1.56,2.58,0.17,-0.84,-0.03,0.17,1.02,1.56,1.99,1.3,-6.71,4.34,4.28,-1.93,-1.68
Azerbaijan,AZE,,,,,,,,,,,,,,,,,,,,,,,,,,,,,,,-2.01,-23.76,-24.26,-20.78,-12.81,0.28,4.78,8.96,6.46,10.19,9.05,8.63,9.38,8.3,26.66,33,24.05,8.29,7.12,3.55,-2.85,0.85,4.48,1.52,-0.15,-4.14,-0.82,0.62,1.62,-4.85,5.15,4.67,1.23,3.57
Bahamas,BHS,5.34,5.04,5.13,5.47,5.63,4.2,4.6,3.44,4.15,-9.22,-1.5,-6.06,5.03,-18.6,-16.65,2.92,6.84,11.83,23.67,4.53,-10.79,4.93,1.87,12.26,3.05,0.06,1.25,0.58,4.87,-3.3,-5.82,-5.57,-1.56,1.35,2.66,2.59,-0.22,3.23,5.72,2.79,1.37,1.53,-2.44,-0.35,2.16,1.2,0.02,-3.63,-5.41,0.25,-0.54,3.48,-3.76,0.96,0.2,-1.85,2.73,1.82,-1.33,-20.33,17.44,10.55,2.56,2.9
Bahrain,BHR,,,,,,,,,,,-1,5.85,8.03,2.94,-13.41,24.07,7.61,-0.96,-1.17,-1.85,-9,-10.77,2.73,1.35,-8.12,-2.43,6.45,3.19,-3.15,0.89,13.83,3.92,9.94,-2.84,1.23,1.4,0.41,2.07,1.59,2.56,-1.19,-3.81,-1.21,-0.71,-1.05,-1.47,0.08,0.06,-3.98,0.08,4.79,2.61,1.58,-0.56,-1.66,-0.08,-0.46,1.92,3.38,-5.17,2.12,4.76,0.43,2.26
Bangladesh,BGD,3.11,2.43,-3.32,7.76,-1.32,-0.37,-4.72,6.31,-1.62,2.92,-7.12,-15.61,0.41,6.53,-6.57,3.01,0.15,4.49,2.31,-1.56,4.52,-0.63,1.13,2.15,0.83,1.76,1.47,0.26,0.75,3.54,1.53,3.47,2.78,1.98,3.19,2.63,2.57,3.21,2.7,3.39,3.34,2.24,3.23,3.82,5.2,5.44,5.91,4.96,4.07,4.65,5.5,5.51,5.02,5.1,5.6,6.16,5.69,6.44,6.97,2.59,6.07,6.01,4.49,2.96
Barbados,BRB,6.65,8.1,-6.01,3.95,10.3,2.91,9.7,6.3,7.13,9.53,4,1.08,1.07,-4.82,-2.06,4.25,3.57,4.91,8.01,4.27,-2.19,-5.21,0.15,3.22,0.74,4.78,2.33,3.31,3.46,-3.48,-4.19,-6.02,0.5,1.78,1.85,3.88,4.7,3.71,0.3,4.63,-2.5,0.13,1.55,0.83,3.41,5.56,1.6,0.11,-5.51,-2.62,-1.05,-0.6,-1.27,-0.16,-1.07,1.57,-0.08,-1.36,0.48,-15.2,-0.41,17.76,4.09,3.75
Belarus,BLR,,,,,,,,,,,,,,,,,,,,,,,,,,,,,,,-1.25,-9.8,-7.8,-11.6,-10.11,3.15,11.86,8.89,3.87,6.3,5.26,5.72,7.79,12.21,10.15,10.68,9.1,10.58,0.45,7.99,5.8,1.87,1.04,1.59,-3.96,-2.61,2.64,3.37,1.65,-0.25,3.29,-3.89,4.69,4.52
Belgium,BEL,4.63,4.79,3.57,5.95,2.62,2.46,3.29,3.79,6.33,6.25,3.8,4.88,6.05,4.24,-2.25,5.46,0.5,2.75,2.25,4.33,-0.28,0.62,0.32,2.47,1.62,1.79,2.22,4.39,3.09,2.83,1.46,1.12,-1.35,2.91,2.17,1.12,3.54,1.74,3.31,3.47,0.75,1.25,0.62,3.12,1.76,1.88,2.92,-0.34,-2.69,1.78,0.61,-0.4,-0.17,1.31,0.89,0.68,1.08,1.42,1.89,-5.2,5.77,3.42,0.28,0.26
Belize,BLZ,2.3,2.26,2.13,2,1.85,1.63,1.74,4.15,2.14,2.47,2.21,8.56,3.88,12.02,1.84,-2.07,4.31,5.72,5.27,9.49,-1.4,-2.57,-4.49,-0.41,-1.31,2.2,8.28,7.38,10.53,9.03,9.41,10.4,4,-2.13,-1.76,-1.86,0.81,0.33,5.72,8.63,1.79,2.26,6.44,1.73,-0.72,1.55,0.48,-4.35,-3.02,-1.3,-2.39,1.53,2.25,1.86,0.74,-2.24,-4.05,-0.76,2.75,-15,16.4,7.64,-0.91,6.6
Benin,BEN,1.45,-5.11,2.83,4.64,3.23,1.5,-0.99,1.67,0.68,-0.13,-3.69,4.01,1.31,0.91,-7.18,-1.59,2.35,-1.33,3.74,3.88,6.88,-0.67,-7.08,4.82,4.4,-0.83,-4.42,0.31,-5.78,5.68,1.06,-0.17,1.24,-1.72,3.83,1.63,2.66,0.8,2.13,2.65,2.16,1.51,0.34,1.28,-1.51,0.75,2.9,1.78,-0.7,-0.89,-0.06,1.75,4.08,3.26,-1.18,0.36,2.67,3.74,3.98,1.12,4.41,3.58,3.7,4.84
Bermuda,BMU,2.46,1.83,-1.38,8.55,2.44,11.84,11.03,0.3,1.62,4.64,2.49,1.43,1.21,0.67,3.63,8.77,5.68,1.25,1.98,7.63,1.77,-5.96,1.28,-0.23,-2.67,6.01,3.06,3.26,-0.31,-0.73,-4.24,-0.78,2.29,-0.04,3.82,2.11,3.97,3.11,2.56,8.56,6.67,-1.91,3.01,2.04,1.42,5.34,3.06,-2.32,-6.02,-2.75,-3.75,-5.18,-0.17,-3.63,0.88,-0.63,3.4,-0.83,-0.12,-7.23,4.18,6.31,5,2.2
Bhutan,BTN,,,,,,,,,,,-0.76,-2.22,-1.93,1.64,-6.55,5.3,4.28,3.53,1.3,1.57,11.41,0.16,6.97,1.31,0.83,8.01,25.18,1.68,4.25,7.44,-2.15,8.59,6.23,4.98,8.35,5.41,3.5,3.92,5.55,0.88,4.88,8.04,5.55,3.08,5.11,4.23,14.76,3.36,6.48,10.71,7.3,4.01,0.61,4.75,5.58,7.42,1.21,2.76,5.05,-10.82,3.69,4.48,4.15,
Bolivia,BOL,0.02,3.42,4.59,1.78,2.7,4.88,4.01,6.15,2.16,2.9,2.73,5.57,3.39,0.64,4.91,2.25,2.58,-0.26,-2.12,-3.56,-1.92,-6.01,-6.09,-2.31,-3.73,-4.6,0.32,0.75,1.62,2.46,3.1,-0.41,2.22,2.66,2.72,2.45,3.08,3.19,-1.31,0.76,-0.02,0.79,1.01,2.44,2.68,3.03,2.79,4.37,1.65,2.43,3.51,3.45,5.13,3.84,3.28,2.72,2.68,2.74,0.79,-9.86,5.04,2.41,1.68,0
Bosnia,BIH,,,,,,,,,,,,,,,,,,,,,,,,,,,,,,,-9.55,-1.49,6.09,16.47,16.28,47.85,31.78,14.59,8.44,4.67,1.94,4.81,4.1,7.29,5.03,6.28,7.17,7.2,-1.31,2.67,2.84,1.12,4.03,2.46,5.69,4.6,4.58,5.11,4.16,-1.66,9.19,5.53,2.63,3.15
Botswana,BWA,3.97,4.25,3.47,4.32,4.27,5.75,5.37,9.99,14.52,16.47,23.69,21.91,15.73,3.55,3.19,5.09,6.26,7.65,5.62,7.72,5.41,7.8,9.16,4.79,3.47,4.57,8.29,15.94,9.96,3.88,4.57,0.06,-0.96,0.8,4.26,3.27,5.86,-1.76,7.32,-0.16,-1.79,4.09,2.8,0.92,2.7,6.36,3.76,1.2,-15.9,7.82,4.76,-1.83,9.44,4.17,-6.2,5.69,2.65,2.72,1.58,-10.03,10.26,3.82,1.53,-4.56
Brazil,BRA,5.37,3.47,-2.32,0.45,-0.45,3.82,1.48,7.02,6.79,7.7,8.65,9.25,11.24,5.59,2.69,7.66,2.46,2.49,4.25,6.65,-6.45,-1.44,-5.07,3.12,5.58,5.3,1.5,-1.95,1.28,-6.04,-0.69,-2.19,3.24,4.21,2.63,0.67,1.87,-1.14,-0.98,2.96,0.08,1.78,-0.05,4.57,2.08,2.87,5,4.09,-1.02,6.63,3.13,1.1,2.17,-0.3,-4.31,-4.01,0.59,1.09,0.56,-3.84,4.32,2.65,2.83,2.98
Brunei,BRN,,,,,,,,,,,,,,,-4.05,16.78,6.25,3.59,20.52,-12.47,-24.76,-0.89,-2.83,-5.57,-6.13,-8.57,-1.13,-4.42,-5.53,-0.26,0.05,-5.72,-3.19,-1.54,-1.13,-2.4,3.88,-8.76,1.97,1.25,-0.64,1.9,1.63,-1.68,-1.68,2.46,-5.38,-5.66,-3.72,0.81,1.91,-0.62,-3.47,-3.81,-1.68,-3.7,0.11,-1.1,2.73,0.07,-2.53,-2.42,0.34,3.35
Bulgaria,BGR,,,,,,,,,,,,,,,,,,,,,4.55,2.03,3.17,3.15,2.68,4.24,5.9,10.82,-2.15,-7.46,-7.53,-6.27,-0.69,2.16,3.32,5.75,-13.59,4.48,-7.88,5.11,5.91,8.2,6.07,7.32,7.87,7.62,7.44,6.88,-2.72,2.23,2.75,1.33,1.48,2.18,4.72,4.37,4.12,3.97,5.26,-2.24,8.5,4.72,2.18,2.85
Burundi,BDI,-15.9,6.33,1.96,3.29,1.13,2.12,10.97,-2.65,-3.58,18.72,0.28,-6.4,7.04,-3.18,-1.77,5.55,8.64,-3.76,-0.83,-3.16,7.68,-3.49,0.97,-2.24,9.39,1.33,3.12,2.73,-0.62,1.36,2.85,-1.65,-3.24,-4.45,-13.27,-8.06,-1.58,2.77,-3.35,-2.9,-0.47,1.54,-4.3,1,-2.78,1.68,-0.3,0.62,-1.32,0.32,0.38,0.79,1.22,0.76,-6.06,-2.3,-1.83,-1.41,-1.48,-2.55,0.33,-0.87,-0.1,0.85
Cabo,CPV,,,,,,,,,,,,,,,,,,,,,6.95,1.32,7.92,2.31,7.12,1.43,2.85,4.53,4.12,-1.35,-1.01,8.45,6.4,16.78,12.06,9.39,9.27,10.73,9.55,12.57,0.68,3.73,2.78,8.82,5.65,6.75,13.9,5.94,-2.43,1.11,3.59,0.98,0.58,0.68,0.92,4.25,4.48,3.6,6.8,-20.89,6.63,15.15,4.87,6.75
Caledonia,NCL,,,,,,-6.52,2.44,11.05,11.96,25.62,2.16,-1.27,-15.2,7.67,1.84,-1.03,0.13,8.46,-14.61,-1.52,-8,1.36,-3.27,0.13,2.77,-2.62,3.94,32.32,8.72,1,2.13,-2.09,-1.99,0.1,3.42,-1.83,-0.2,-5.23,-1.17,0.01,,,,,,,,,,,,,,,,,,4,-1.42,-2.6,-2.46,2.81,,
Cambodia,KHM,,,,,,,,,,,,,,,,7.28,-7.66,8.77,-10.72,-7.68,-1.56,-2.79,0.73,1.18,1.23,-0.19,16.49,7.8,-0.35,-2.97,3.22,1.4,-1.98,-39.2,1.35,-1.78,-2.91,0.45,10.8,8.26,5.73,4.64,8.63,7.86,11.66,9.32,8.78,5.86,2.45,3.45,5.67,6.05,6.26,6.41,5.65,6.34,6.59,7.43,6.58,-4.96,1.58,3.74,3.67,4.72
Cameroon,CMR,-0.37,1.12,1.5,1.29,-0.24,2.24,-13,3.77,2.27,0.43,0.75,-0.08,2.5,7.7,8.18,-7.99,10.84,18.72,3.1,-5.1,13.04,4.99,4.7,4.53,4.89,3.6,-5.08,-10.53,-4.65,-8.83,-6.57,-5.84,-10.52,-0.94,0.11,1.45,1.79,1.99,1.78,1.13,1.62,1.71,2.62,4.15,-0.55,1,1.44,-0.05,-0.32,0,0.5,1.72,2.09,2.57,2.4,1.46,0.65,1.12,0.64,-2.43,0.63,1.05,0.56,1
Canada,CAN,1.12,5.45,3.35,4.66,4.41,4.79,1.23,3.33,3.65,1.49,1,4.3,5.43,1.92,0.07,4.51,2.33,2.71,2.7,0.87,2.15,-4.31,1.55,4.9,3.78,1.11,2.71,3.07,0.52,-1.3,-3.3,-0.3,1.54,3.36,1.63,0.63,3.25,3.03,4.29,4.16,0.77,1.89,0.9,2.14,2.24,1.6,1.06,-0.09,-4.02,1.95,2.14,0.66,1.25,1.85,-0.11,-0.1,1.81,1.28,0.43,-6.06,5.37,2.33,-1.38,-1.44
CaymanIslands,CYM,,,,,,,,,,,,,,,,,,,,,,,,,,,,,,,,,,,,,,,,,,,,,,,0.14,-3.21,-9.79,-5.38,-1.57,-1.48,-1.34,0.09,0.36,0.85,0.89,2.04,1.78,-6.83,2.77,2.98,2.29,
Chad,TCD,-0.63,3.25,-3.58,-4.47,-1.38,-3.71,-1.17,-2.4,4.75,-0.24,-4.29,-1.08,-10.51,2.58,6.69,0.94,0.34,-2.27,-23.08,-6.26,0.92,0.51,10.09,0.71,20.57,-6.91,-5.75,11.64,1.39,-6.79,4.64,3.51,-17.67,7.63,-3.13,-2.21,2.07,3.33,-4.11,-4.25,7.95,4.78,10.23,27.81,12.7,-4.04,0.82,-0.44,-4.8,9.92,0.93,5.29,-0.8,-1.52,0.07,-7.09,-4.83,2.25,2.05,-3.53,-3.1,9.06,-0.54,-1.35
Chile,CHL,3.35,1.82,3.58,0.46,-1.23,9.41,1.74,1.77,2.32,-0.01,7.77,-2.32,-6.56,-0.34,-13.64,2.01,9.46,6.41,6.84,6.59,5.16,-12.78,-6.33,2.44,1.99,3.78,5.06,5.62,8.56,1.89,5.98,9.72,5.04,3.51,7.67,5.61,5.96,2.84,-1.52,3.72,1.97,2.07,3.63,5.6,4.79,5.02,4.14,2.76,-2.11,4.79,5.18,5.14,2.33,0.78,1.11,0.53,-0.24,2.15,-0.96,-6.98,10.82,1.65,-0.02,2.09
China,HKG,,9.55,11.85,6.03,11.67,0.9,-0.93,1.23,9.58,6.58,5,8.51,9.16,-0.77,-1.4,14.71,10.12,6.32,5.62,7.21,6.72,1.36,4.38,8.9,-0.32,9.68,12.26,7.6,1.22,3.5,4.83,5.35,4.39,3.67,0.37,-0.27,4.23,-6.67,1.53,6.72,-0.18,1.21,3.26,7.86,6.92,6.35,5.55,1.52,-2.67,5.99,4.11,0.58,2.69,2.04,1.52,1.54,3,2.03,-2.4,-6.21,7.43,-2.81,0.61,2.7
China,MAC,,,,,,,,,,,,,,,,,,,,,,,4.04,3.26,-1.65,4.4,10.27,4.69,2.09,4.8,-1.26,7.42,1.6,0.89,0.14,-1.81,-0.81,-5.7,-3.52,4.96,2.11,7.79,10.33,23.54,3.78,7.62,9.64,-0.39,2.35,24.66,18.83,5.72,6.26,-6.74,-24.1,-2.14,10.55,4.71,-4.46,-55.23,24.06,-18.99,74.68,7.51
China,CHN,-26.53,-6.35,7.62,15.47,14.2,7.61,-8.16,-6.57,13.78,16.05,4.16,1.29,5.33,0.22,6.82,-3.08,6.11,9.85,6.17,6.49,3.77,7.46,9.14,13.73,11.9,7.33,9.85,9.45,2.62,2.43,7.88,12.91,12.63,11.8,9.83,8.83,8.17,6.89,6.81,7.73,7.53,8.51,9.43,9.48,10.8,12.05,13.56,9.11,8.86,10.06,8.86,7.13,7.06,6.79,6.36,6.17,6.25,6.26,5.69,2.1,8.47,3.15,5.52,5.11
Colombia,COL,1.9,2.21,0.18,3.02,0.57,2.23,1.25,3.09,3.36,3.55,3.44,5.2,4.31,3.39,0.08,2.47,1.88,6.05,3.04,1.74,-0.05,-1.36,-0.78,0.99,0.9,3.66,3.23,1.95,1.31,2.15,-0.03,2,3.3,3.75,3.21,0.21,1.6,-1.22,-5.85,1.25,0.09,0.94,2.36,3.8,3.37,5.31,5.39,2.05,-0.03,3.31,5.81,2.88,4.14,3.57,2.07,1.08,-0.1,0.7,1.36,-8.51,9.59,6.19,-0.41,0.66
Comoros,COM,,,,,,,,,,,,,,,,,,,,,0.98,3.48,1.94,1.24,-0.54,-0.93,-1.12,-0.05,-5.73,2.37,-7.67,6.3,1.14,-6.94,1.83,-2.98,2.25,-0.45,0.12,8.74,0.25,0.18,0.16,0.01,0.76,0.6,-1.19,1.92,4.39,2.74,3.79,4.19,6.65,1.66,-0.14,0.69,3.51,2.05,1.65,1.98,0.72,0.84,1.1,1.45
Congo,COD,-13.11,18.08,2.46,-5.02,-1.74,3.77,-3.83,1.32,6.21,-3.05,3.15,-2.47,5.28,0.41,-7.47,-7.73,-1.76,-8.24,-3.04,-0.96,-0.59,-3.4,-1.75,2.07,-2.81,1.47,-0.51,-2.7,-4.34,-9.62,-11.42,-13.47,-16.51,-8.34,-3.39,-2.91,-7.12,-4.26,-7.43,-9.85,-5.15,-0.15,2.54,3.64,2.92,2.12,3.09,3.07,-0.28,3.75,3.43,3.57,4.85,5.82,3.44,-1.16,0,2.34,1.13,-1.49,2.82,5.47,5.13,3.27
Congo,COG,5.59,2.48,-6.56,1.03,0.84,-1.47,-0.77,4.54,4.4,3.2,4.51,5.3,4.9,4.57,4.77,-1.52,-11.1,3.89,7.33,15.03,15.05,20.97,3.69,4.34,-4.05,-9.55,-2.7,-1.14,-0.32,-1.84,-0.48,-0.25,-3.87,-8.25,1.1,1.44,-2.73,1.48,-5.18,3.53,-0.04,2.14,-1.97,0,3.94,4.02,-9.97,2.87,7.26,5.47,-1.06,6.92,-3.1,4.1,-1.98,-10.87,-7.86,-4.66,-1.28,-8.49,-1.37,-0.93,-0.53,0.15
CostaRica,CRI,-1.85,1.64,3.14,0.12,4.63,3.58,2.44,5.34,2.57,4.6,3.97,5.4,5,2.89,-0.49,2.81,6.08,3.48,2.14,-1.95,-4.89,-9.79,0.07,5.09,-2.01,2.71,2.03,0.8,3.04,0.97,-0.3,6.47,4.45,1.98,1.68,-1,3.12,4.86,2.08,1.87,1.65,1.72,2.73,2.9,2.48,5.83,6.76,3.33,-2.19,4.06,3.18,3.67,1.36,2.43,2.56,3.16,3.18,1.69,1.56,-4.93,7.39,4.1,4.62,3.83
Croatia,HRV,,,,,,,,,,,,,,,,,,,,,,,,,,,,,,,-19.6,-9.53,-8.52,4.7,7.5,7.57,6.69,2.31,-0.42,3.97,7.16,5.74,5.54,4.14,4.19,5.06,5.07,1.98,-6.72,-1.11,0.25,-1.79,0.5,0.21,3.55,4.59,4.95,4.26,4.13,-7.49,13.65,7.94,3.19,3.64
Cuba,CUB,,,,,,,,,,,6.71,3.16,1.97,-0.3,8.26,4.42,7.84,5.9,0.56,-5.25,19.15,8.22,4.58,7.05,0.76,-0.75,-3.26,2.74,-0.28,-3.85,-11.41,-12.14,-15.31,0.3,2.09,7.48,2.45,-0.17,5.83,5.56,2.86,1.12,3.5,5.49,10.97,11.91,7.18,4.08,1.42,2.37,2.76,3,2.79,1.16,4.54,0.6,1.97,2.44,0.05,-10.74,1.75,2.35,-1.57,
Curacao,CUW,,,,,,,,,,,,,,,,,,,,,,,,,,,,,,,,,,,,,,,,,3.01,0.27,-1.76,-1.51,-1.86,-0.94,0.47,0.91,-1.18,-1.18,-0.91,-1.17,-1.76,-1.97,-0.86,-2.11,-1.59,-1.59,-2.04,-17.13,5.95,9.63,0.32,
Cyprus,CYP,,,,,,,,,,,,,,,,21.24,16.35,7.38,9.05,4.61,0.83,4.77,4.72,7.36,3.62,2.52,5.91,7.5,6.42,5.14,-1.83,6.53,-1.7,3.73,6.42,-0.35,1.2,4.82,3.83,4.84,2.84,2.54,1.38,3.63,3.35,2.98,2.88,1.08,-4.61,-0.36,-2.11,-4.91,-6.37,-0.69,4.01,6.09,4.77,4.98,4.45,-4.31,10.35,5.91,1.02,
Czechia,CZE,,,,,,,,,,,,,,,,,,,,,,,,,,,,,,,-11.4,-0.61,-0.04,2.87,6.29,4.29,-0.49,-0.3,1.48,4.3,3.3,1.71,3.33,4.7,6.23,6.33,4.88,1.76,-5.34,2.42,1.56,-0.91,-0.07,2.14,4.75,2.38,4.89,2.49,3.16,-5.53,5.93,1.24,-1.82,0.95
Denmark,DNK,5.64,4.85,-0.15,8.4,3.74,1.92,5.05,5.21,6.21,1.09,2.46,3.21,4.09,-1.42,-1.69,5.73,1.67,2.1,3.8,-0.87,-0.71,3.97,2.73,4.39,4.11,4.59,0.34,0.22,0.64,1.5,1.2,1.69,-0.41,4.94,2.5,2.32,2.74,1.96,2.63,3.38,0.59,0.14,0.17,2.51,2.08,3.48,0.54,-1,-5.48,1.13,0.89,-0.38,0.97,0.77,1.39,2.27,2.4,1.36,1.35,-2.07,6.92,0.74,1.74,3.16
Djibouti,DJI,,,,,,,,,,,,,,,,,,,,,,,,,,,,,,,,,,,,,,,,,,,,,,,,,,,,,,5.28,5.46,5.33,3.74,3.11,3.91,-0.31,2.91,3.7,5.9,4.52
Dominica,DMA,,,,,,,,,,,,,,,,,,10.05,-18.62,13.19,10.98,4.55,3.01,4.64,1.86,7.58,6.88,8.45,0.46,6.21,1.83,1.99,2,-0.03,3.04,3.19,2.35,4.04,0.72,2.88,0.26,-3.2,5.55,3.92,0.79,4.29,5.3,7.11,-1.15,-0.1,-0.24,-0.25,-0.85,1.38,-3.42,2.62,-6.05,3.45,4.4,-15.32,5.96,11.02,4.14,2.52
DominicanRepublic,DOM,-5.35,13.46,3.29,3.58,-15.02,10.2,0.33,-2.61,7.78,14.94,7.81,7.36,9.82,3.16,2.43,3.98,2.31,-0.42,1.95,5.34,1.8,-0.65,2.24,-1.03,-4.27,1.3,7.8,0.02,2.22,-7.42,-1.11,9.03,5.29,0.64,3.74,4.05,7.02,4.96,4.25,2.97,0.87,2.93,-2.76,1.19,8.01,7.81,6.12,2,-0.27,7.02,1.89,1.5,3.66,5.85,5.76,5.54,2.81,5.95,3.82,-8.88,12.83,4.23,1.29,4.07
Ecuador,ECU,2.2,1.96,-0.8,4.32,0.28,-3.25,1.55,-1.09,1.59,3.74,3.2,1.98,10.68,8.05,7.86,4.42,-1.17,2.85,0.96,0.95,2.83,-2.01,-2.92,-0.03,1.3,0.92,-2.64,3.44,-1.27,1.39,2.06,-0.01,-0.08,2.26,0.33,-0.17,2.42,1.41,-6.42,-0.65,2.42,3.11,1.09,4.98,3.59,2.56,0.18,4.76,-0.62,2.3,6.72,4.11,5.62,2.74,-1.3,-2.13,4.36,-0.67,-1.51,-10.31,8.58,5.03,1.1,-2.84
Egypt,EGY,2.48,1.18,7.65,8.64,2.28,2.45,-1.67,-4,2.75,3.12,1.68,0.71,1.15,-0.76,6.4,10.66,6.45,5.99,1.97,7.18,4.5,6.92,2.06,6.49,2.69,1.79,0.99,2.57,2.1,2.62,-1.62,2.01,0.55,1.76,2.46,2.83,3.33,3.29,3.71,4.1,1.36,0.26,1.05,1.97,2.38,4.78,5.09,5.17,2.72,3.15,-0.35,-0.04,-0.14,0.6,2.2,2.24,2.12,3.35,3.72,1.88,1.76,5.02,2.02,0.64
ElSalvador,SLV,,,,,,4.18,2.5,0.4,0.72,0.39,1.41,3.65,2.43,2.94,0.66,2.81,4.52,3.1,-6.03,-16.95,-6.34,-7.36,-0.29,-0.58,-1.37,-1.77,0.5,-0.15,-1,2.88,-0.27,5.29,4.43,3.7,3.86,0.06,2.44,2.02,1.59,0.63,0.46,1.26,1.36,0.79,2.67,4.39,1.72,1.82,-2.42,1.82,3.4,2.49,1.77,1.33,2.06,2.26,2.04,2.31,2.4,-8.08,11.53,2.55,3.06,2.14
Eritrea,ERI,,,,,,,,,,,,,,,,,,,,,,,,,,,,,,,,,9.95,17.55,-2.8,3.96,6.72,0.45,-1.45,-4.62,5.7,-0.48,-6.59,-2.62,0.15,-2.52,-0.04,-12.12,1.3,0.21,6.75,,,,,,,,,,,,,
Estonia,EST,,,,,,,,,,,,,,,,,,,,,,,,,,,,,,,-7.54,-19.72,-3.28,0.48,6.41,6.5,14.35,5.35,-0.72,9.56,6.56,7.61,8.27,7.44,10.15,10.41,8.06,-4.87,-14.47,2.68,7.93,4.04,2.12,3.59,1.77,3.06,5.51,3.34,3.34,-3.08,7.04,-1.27,-4.54,-0.38
Eswatini,SWZ,,,,,,,,,,,10.74,2.57,6,2.75,10.61,-5.05,-2.17,-1.96,-0.24,8.78,10.89,-2.13,-2.07,2.76,0.06,7.9,10.24,1.77,7.79,16.21,-2.25,-0.63,0.14,2.41,4.91,1.81,1.38,1.29,1.84,0.72,0.13,3.55,3.17,3,5.42,5.46,3.84,0.14,0.92,3.19,1.68,4.83,3.3,0.87,1.47,4.07,0.7,-0.66,5.1,-3.91,2.25,0.1,2.47,1.62
Ethiopia,ETH,,1.73,1.86,1.39,2.97,4.5,1.35,1.3,-1.36,0.67,3.65,1.48,2.35,0.64,-1.2,-2.35,0.77,1.01,-2.56,5.84,1.79,-2.93,5.25,-5.34,-13.61,6.47,10.05,-3.35,-4.12,-1.01,-11.07,-12.44,9.23,-0.34,2.58,8.78,-0.12,-6.44,1.93,2.87,5.07,-1.53,-5.07,10.22,8.55,7.63,8.24,7.63,5.76,9.4,8.06,5.64,7.62,7.34,7.47,6.51,6.62,3.97,5.49,3.22,2.86,2.6,3.85,4.58
Fiji,FJI,0.41,0.45,3.07,1.66,-5.63,-2.86,10.54,5.56,0.47,10.5,4.93,5.65,9.87,1.11,-0.94,1.05,3.73,-0.51,9.58,-3.92,3.82,-8.2,-6.25,5.8,-6.86,5.48,-8.01,-0.13,6.37,4.84,-3.49,5.33,1.48,4.52,1.99,4.14,-3.21,0.05,7.55,-2.76,0.96,2.18,0.04,4.33,-0.21,0.94,-1.68,0.41,-1.8,2.6,2.42,1.2,4.57,5.46,4.39,2.38,5.4,3.99,-0.33,-17.04,-5.06,19.44,6.97,3.31
Finland,FIN,6.85,2.28,2.56,4.65,4.95,1.99,1.62,1.85,9.66,7.88,2.23,7.1,6.38,2.7,1.35,0.04,-0.04,2.62,6.85,5.06,0.86,2.51,2.49,2.68,3.11,2.42,3.27,4.93,4.71,0.25,-6.39,-3.85,-1.26,3.52,3.84,3.32,6.08,5.17,4.15,5.53,2.41,1.44,1.77,3.7,2.43,3.62,4.87,0.32,-8.51,2.7,1.92,-1.99,-1.43,-0.89,0.14,2.28,3.06,1.06,1.24,-2.63,2.46,0.49,-1.44,-1.1
France,FRA,3.73,5.8,5.14,5.3,3.81,4.3,4.05,3.65,6.23,5.24,4.34,3.62,5.75,4,-1.59,3.94,3.09,3.43,3.23,1.13,0.59,2.07,0.72,1.11,1.06,1.87,2,4.21,3.78,2.27,0.73,1.01,-0.79,2,1.93,1.04,2.16,3.07,2.87,3.43,1.16,0.34,0.26,2.12,1.13,2,1.9,-0.18,-3.32,1.5,1.94,-0.3,0.26,0.52,0.71,0.59,1.79,1.28,1.69,-7.74,6.5,2.24,0.61,0.83
FrenchPolynesia,PYF,,,,,,5.93,-7.92,11.04,-6.01,-1.85,8.27,-7.78,4.37,14.31,-7.8,5.02,-0.93,6.52,0.67,-2.66,-0.55,-1.44,-0.62,-0.38,-3.64,10.69,-1.27,-5.94,-0.12,-1.9,1.68,-3.23,-2.98,-3.25,-1.9,-2.15,-1.71,0.09,0.3,1.64,-1.88,-0.65,0.56,-0.62,-1.18,-0.53,0.48,-0.72,-4.62,-2.86,-3.37,-1.42,-0.2,-0.01,1.26,1.82,3.95,1.97,2.99,-7.11,1.88,4.25,2.73,
Gabon,GAB,13.45,6.14,4.73,3.16,6.82,2.97,2.52,0.87,6.04,6.39,7.99,9.08,7.92,36.54,16.58,32.54,-14.64,-25.89,-2.02,-0.05,2.36,-5.66,2.78,4.61,-4.98,-3.5,-19.41,9.75,5.58,2.35,3.27,-5.66,1.21,1.03,2.31,1.03,3.1,0.89,-11.22,-4.39,-0.52,-2.89,-0.51,-2.09,-0.26,-5.7,2.75,-6.37,-3.15,3.46,3.36,1.55,1.98,0.87,0.69,-0.79,-2.16,-1.69,1.38,-4.16,-0.85,0.75,0.22,1.18
Gambia,GMB,,,,,,,-2.71,6.55,-0.41,3.18,-2.9,-2.64,6.08,2.81,9.11,4.12,0.22,2.92,-4.57,2.68,-0.2,-4.22,6.87,-0.37,-4.65,0,-1.62,0.27,1.58,-0.7,-1.14,-0.74,-0.7,-3.02,-2.08,-0.69,1.96,0.64,3.48,2.65,2.97,-5.81,4.03,4.16,-5.03,-3.35,0.1,3.21,3.61,2.87,-10.78,2.19,-0.1,-4.17,1.25,-0.7,2.21,4.67,3.75,-1.76,2.79,3.07,2.41,3.37
Georgia,GEO,3.22,3.53,2.68,3.95,9.11,6.31,5.22,3.51,3.8,10.98,1.41,1.8,5.55,7.87,6.59,5.34,6.17,6.8,6.58,3.7,4.41,1.14,3.39,4.53,4.03,-8.99,0.45,4.52,-7.44,-14.77,-21.65,-45.32,-29.84,-9.01,6.53,15.31,14.12,5.68,5.01,3.84,6.45,6.42,11.81,6.45,10.29,10.05,13.16,2.73,-2.79,7.02,8.8,7.37,5.45,4.04,3.19,3.39,5.15,6.1,5.56,-6.35,11.07,10.84,7.75,10.67
Germany,DEU,3.5,3.71,1.79,5.78,4.35,1.96,-0.78,5.2,6.57,4.75,2.94,3.8,4.45,0.85,-0.5,5.4,3.58,3.1,4.1,1.2,0.38,-0.3,1.84,3.18,2.56,2.24,1.25,3.3,3.1,4.35,4.35,1.24,-1.62,2.24,1.21,0.75,1.71,2.08,2.06,2.74,1.47,-0.4,-0.58,1.18,0.94,3.97,3.03,1.1,-5.31,4.31,5.7,0.29,0.11,1.74,0.78,1.47,2.33,0.81,0.76,-4.17,3.63,0.64,-0.39,0.23
Ghana,GHA,0.52,1.63,1.94,-0.19,-1.03,-6.53,0.62,-2.04,3.39,6.83,2.34,-5.19,-0.04,3.8,-14.93,-6.27,-0.7,5.23,-5.45,-2.42,-6.18,-9.59,-7.39,5.88,2.86,2.91,2.42,3.12,2.49,0.73,2.66,1.33,2.29,0.85,1.68,2.19,1.75,2.18,1.88,1.13,1.27,1.67,2.4,2.84,3.16,3.67,1.69,6.41,2.26,5.31,11.34,6.68,4.76,0.45,-0.21,1.05,5.78,4.02,4.39,-1.47,3.04,1.83,1.19,3.72
Gibraltar,GIB,,,,,,,,,,,,,,,,,,,,,,,,,,,,,,,,,,,,,,,,,,,,,,,,,,,,,,,,,,,,,,,,
Greece,GRC,12.31,-0.23,11.43,9.01,10.25,5.71,4.81,6.51,11.16,8.68,7.37,9.45,7.6,-6.78,5.37,5.21,1.61,5.87,2,-0.31,-2.43,-1.74,-1.65,1.5,2.11,0.19,-2.59,3.91,3.26,-1.05,1.87,-0.07,-2.18,1.49,1.62,0.94,3.09,2.87,2.27,3.71,4.11,4.3,5.54,5.12,0.89,6.12,3.24,-0.21,-4.37,-5.82,-9.74,-7.83,-1.56,1.47,0.43,0.38,1.67,2.27,2.38,-9,9.98,7.08,2.64,2.44
Greenland,GRL,,,,,,,,,,,11.14,3.76,5.28,4.64,0.44,5.75,9.48,6.45,4.01,7.38,-0.91,-5.35,2.27,-6.26,2.68,6.5,4.35,4.25,5.7,-12.2,0.07,-4.77,-4.86,5.35,3.17,1.35,1.29,7.57,1.38,6.94,0.92,-1.35,4.14,6.63,4.92,5.85,2.75,6.59,0.87,1.36,-1.12,1.54,-0.73,5.09,-2.21,4.55,0.08,0.89,2.46,0,1.12,1.99,0.5,
Grenada,VCT,2.72,2.07,-7.63,2.25,-0.42,-1.22,-10.57,5.38,1.85,9.7,2,24.65,-11.91,-9.61,-8.37,9.49,12.34,8.95,2.68,1.72,3.76,3.59,1.34,5.75,5.38,4.85,-0.22,13.4,0.85,3.65,0.77,6.11,4.04,-1.41,7.64,1.22,3.49,4.05,2.54,1.48,1.79,5.49,6.89,4.4,2.84,7.41,3.77,0.86,-0.91,-3.99,-0.05,1.74,3.03,1.82,3.34,4.74,2.11,3.9,1.4,-3.68,2.77,3.91,6.08,4.79
Grenada,GRD,,,,,,,,,,,,,,,,,,6.12,6.5,0.47,2.06,3.76,3.02,2.97,5.3,6.44,8.27,2.15,2.92,3.14,0.54,-1.64,-2.71,0.95,1.41,3.72,4.31,11,6.18,4.18,-2.51,3.04,8.98,-1.05,12.85,-4.34,5.75,0.61,-6.91,-0.81,0.32,-1.76,1.71,6.74,5.94,3.33,4.16,4.13,0.42,-14.02,4.38,7.11,4.53,3.58
Guam,GUM,,,,,,,,,,,,,,,,,,,,,,,,,,,,,,,,,,,,,,,,,,,0.37,6.06,3.29,-3.93,0.46,1.77,0.15,2.05,0.07,2.26,1.91,2.09,1.18,0.59,1.35,-0.33,3.08,-10.71,1.08,4.18,,
Guatemala,GTM,1.25,0.51,6.38,1.64,1.39,2.55,1.23,5.81,1.97,2.97,2.89,4.6,4.06,3.72,-0.5,5.1,5.47,2.44,2.13,1.17,-1.85,-5.72,-4.93,-2.28,-3.38,-2.6,0.73,1.02,1.06,0.26,0.89,2.09,1.19,1.3,2.21,0.33,1.73,2.34,1.27,1.18,0.01,1.49,0.28,0.87,1.06,3.15,4.12,1.19,-1.51,0.87,2.11,0.94,1.69,2.48,2.2,0.8,1.22,1.7,2.45,-3.22,6.56,2.73,1.95,2.07
Guinea,GNQ,,,,,,,,,,,,,,,,,,,,,0.67,-3.81,-1.48,-4.93,6.86,-6.96,0.04,-1.34,-4.94,-5.38,-4.63,29.85,7,12.4,13.14,60.34,140.49,19.03,20.82,12.15,53.24,12.26,7.25,30.02,10.9,3.03,10.2,12.53,-3.22,-13.02,2,3.99,-7.89,-3.43,-12.49,-12.1,-8.94,-9.37,-8.52,-7.36,-1.57,0.66,-7.35,-1.49
Guinea,GIN,,,,,,,,,,,3.49,0.56,-0.12,3.55,1.26,6.25,-4.84,5.12,-2.83,0.81,-1.27,-0.22,-0.82,-0.83,2.56,0.6,0.68,3.56,1.34,0.78,-1.41,0.03,1.89,0.9,1.73,1.55,3.04,1.71,1.51,0.51,2.31,3.54,-1,0.17,0.96,-0.9,4.37,1.64,-3.51,2.27,3.03,3.35,1.44,1.16,1.23,8.01,7.52,3.69,2.95,2.07,2.97,1.42,2.98,3.17
Guinea-Bissau,GNB,,,,,,,,,,,-4.21,6.3,0.05,1.06,1.61,-1.59,-13.13,6,-1.51,-16.91,16.33,2.56,-4.92,7.39,2.52,-2.36,1.26,2.91,4.36,4.37,2.88,-1.83,-1.22,0.05,1.8,9.3,4.49,-23.88,14.62,-0.91,2.58,1.4,-2.52,-1.13,4.09,0.22,0.04,1.92,-0.12,2.91,5.28,-4.29,0.54,-1.65,3.44,2.82,2.14,1.33,3.12,-0.18,2.91,3.24,2.14,2.53
Guyana,GUY,2.28,-1.08,-14.16,8.99,8.22,3.04,2.16,-1.04,4.81,2.4,1.67,-4.52,0.06,6.55,7.42,0.61,-3.46,-2.57,-2.53,1.17,1.22,-13.22,-6.69,-4.81,2.75,-0.46,1.42,-3.13,-4.31,-2.42,6.35,7.46,7.74,8.12,4.68,7.65,5.94,-1.85,2.84,-1.41,2.33,1.24,-0.56,1.65,-1.76,5.4,7.49,2.06,3.96,4.53,5.63,5.26,3.14,1.12,0.08,3.16,3.07,1.4,3.25,43.51,18.88,62.11,33.03,42.56
Haiti,HTI,-4.68,5.93,-3.61,-3.38,0.29,-2.4,-3.91,1.28,1.89,-1.21,4.49,-0.92,2.77,3.77,-0.81,6.37,1.73,4.18,5.51,5.33,-4.71,-5.42,-1.04,-1.65,-1.37,-2.47,-2.78,-1.83,-4.89,-1.02,-0.17,-7.18,-7.27,-13.63,7.82,2.18,0.79,0.29,0.83,-0.97,-2.14,-0.73,1.68,-2.98,1.35,0.05,2.96,0.96,4.15,-6.75,3.92,-1.04,2.77,1.39,-0.05,0.4,1.12,0.33,-2.99,-4.5,-2.93,-2.78,-2.99,-5.27
Honduras,HND,-0.99,2.82,0.68,2.45,5.95,2.38,2.95,3.54,-2.26,0.6,0.92,2.6,4.67,-4.04,-0.86,7.11,7,2.74,2.41,-2.43,-4.17,-4.97,-2.05,3.25,2.61,2.36,3.66,-1.08,-0.12,-0.07,-6.02,3.1,3.51,-2.59,3.22,-0.96,1.71,0.88,-3.31,4.4,-0.02,1.05,1.9,3.62,3.51,4.08,3.78,1.92,-4.54,1.55,1.71,2.04,0.78,1.08,1.88,1.96,2.92,1.96,0.72,-10.55,10.7,2.41,1.81,1.82
Hungary,HUN,4.24,5.75,5.42,4.37,42.02,7.08,7.1,4.5,6.45,4.3,5.9,5.78,6.56,5.43,5.58,3.03,7.1,4.04,2.51,0.13,2.86,2.9,0.87,2.86,-0.07,1.71,4.23,0.09,1.84,-2.49,-11.89,-3.03,-0.46,3.09,1.63,0.27,3.19,4.09,3.38,4.68,4.3,5.03,4.24,5.2,4.51,4.1,0.49,1.17,-6.6,1.3,2.21,-0.83,2.52,4.76,4.03,2.84,4.48,5.82,5.21,-4.1,7.66,4.55,-0.71,0.83
Iceland,ISL,-2,6.33,8.34,7.95,5.45,6.92,-2.84,-6.78,1.44,6.9,12.15,4.63,5.21,4.29,-0.63,4.91,8.02,5.19,3.84,4.63,3.08,0.8,-3.44,3.03,2.48,5.49,7.36,-1.64,-0.98,0.39,-1.37,-4.58,0.29,2.71,-0.43,4,4.91,6.22,2.78,3.56,2.64,-0.33,1.44,6.86,4.46,3.85,5.75,0.33,-7.98,-2.69,1.54,0.53,3.57,0.56,3.35,4.84,1.78,2.12,-0.35,-8.44,3.33,6.27,2.6,-2.28
India,IND,1.27,0.52,3.54,4.97,-4.8,-2.17,5.54,1.19,4.31,2.85,-0.58,-2.71,1,-1.12,6.6,-0.7,4.75,3.31,-7.42,4.22,3.54,1.09,4.81,1.41,2.83,2.39,1.62,7.19,3.61,3.22,-1.11,3.26,2.57,4.5,5.43,5.42,2.02,4.15,6.8,1.91,2.88,1.94,6.01,6.1,6.18,6.38,6.05,1.61,6.31,6.93,3.76,4.02,4.98,6.06,6.72,6.97,5.56,5.29,2.8,-6.69,8.79,6.76,8.23,5.54
Indonesia,IDN,2.83,-0.98,-4.96,0.62,-1.44,0.39,-1.22,7.95,3.91,4.63,4.16,4.23,5.3,4.9,2.36,4.25,6.12,4.2,4.75,7.29,5.43,-0.09,1.84,4.62,0.3,3.76,2.91,3.78,5.46,5.31,5.04,4.67,4.7,5.74,6.44,6.06,3.01,-14.49,-0.71,3.43,2.21,3.09,3.4,3.7,4.34,4.11,4.95,4.65,3.31,4.89,4.82,4.68,4.26,3.78,3.71,3.91,4,4.16,4.04,-2.89,2.97,4.52,4.17,4.18
Iran,IRN,7.12,4.68,3.81,5.15,13.42,8.08,7.91,11.03,12.1,7.61,10.35,11.2,4.34,2.71,-3.29,14.75,-5.74,-15.64,-14.99,-24.39,-10.52,16.82,6.85,-10.57,-1.81,-13.05,-3.69,-9.06,3.08,10.34,9.7,1.28,-1.82,-1.89,1.27,5.21,0.14,0.69,0.56,4.29,0.82,7.19,7.44,2.13,0.93,2.76,6.4,-0.96,-0.24,4.48,1.38,-4.94,-2.8,3.58,-2.76,7.27,1.29,-3.08,-4.11,2.54,3.85,2.54,3.79,1.96
Iraq,IRQ,4.75,1.51,-0.95,11.04,7.08,1.46,-11.91,15.48,-0.25,0.98,1.8,0.23,0.88,12.25,8.83,13.4,-1.43,13.18,17.04,20.88,-3.67,0.56,-15.62,-4.51,-0.96,2.1,6.35,-2.31,-5.66,55.87,-64.42,28.73,24.18,-0.99,-1.24,7.53,17.55,30.83,13.84,13.03,-1.36,-11.06,-38.54,49.07,-1.29,4.87,2.7,6.06,-0.36,3.02,3.81,8.88,2.66,-1.28,-0.15,11.1,-3.99,0.27,3.14,-13.97,-0.75,5.51,-1.72,-3.62
Ireland,IRL,5.17,2.79,4.14,3.28,1.55,0.49,5.29,7.76,5.25,1.81,2.27,4.92,3.06,2.55,3.93,-0.12,6.76,5.68,1.71,1.9,2.12,1.32,-0.95,3.71,2.92,-0.47,4.65,5.67,6.23,8.38,1.35,2.64,2.18,5.34,9.07,6.53,9.91,7.64,9.29,7.95,3.64,4.13,1.35,4.85,3.46,2.2,2.31,-6.41,-6.05,1.13,1.21,-0.82,1.66,8.54,23.44,-0.07,8.57,5.99,3.39,5.81,14.64,6.49,-7.22,-0.15
Israel,ISR,7.59,4.97,6.69,3.75,5.26,-2.59,-1.36,13.84,10.64,3.81,7.52,9.33,1.4,3.35,0.91,-1.89,-1.2,3.35,3.51,-0.74,3.26,0.18,1.5,-0.38,2.22,2.59,5.42,1.22,-1.12,4.05,1.44,4.1,1.39,4.68,3.8,3.11,1.06,1.76,0.7,5.75,-2.06,-2.13,-0.37,2.81,2.56,3.75,4.45,1.4,-1.15,3.62,3.59,0.57,2.16,1.8,0.23,2.43,2.34,2.02,1.75,-3.73,7.56,4.19,-1.19,-0.4
Italy,ITA,7.49,5.49,4.84,1.96,2.4,5.16,6.41,5.87,5.5,4.76,1.34,3.1,6.4,4.81,-2.67,6.59,2.13,2.87,5.65,3.22,0.72,0.34,1.13,3.2,2.77,2.85,3.18,4.14,3.31,1.9,1.47,0.77,-0.91,2.13,2.89,1.32,1.87,1.78,1.66,3.84,1.94,0.07,-0.47,0.72,0.18,1.39,0.85,-1.78,-5.85,1.08,0.35,-3.39,-2.01,-0.02,1.04,1.43,1.79,0.58,1.13,-8.42,9.49,5.03,0.75,0.74
Jamaica,JAM,,,,,,,0.61,4.54,4.36,10.69,1.08,16.31,-6.92,-5.66,-1.64,-7.91,-3.78,-1.21,-2.21,-6.86,1.31,0.68,0.5,-2.83,-4.05,0.94,7.03,3.27,6.44,3.41,3.92,0.95,8.29,0.35,1.33,-1.08,-2.05,-3.17,0.27,0.18,0.7,1.37,3.04,0.73,0.34,2.37,0.95,-1.24,-4.74,-1.87,1.29,-1.04,0.11,0.33,0.61,1.11,0.79,1.73,0.78,-10.16,4.35,5.17,2.58,-0.7
Japan,JPN,11.04,7.9,7.38,10.52,4.69,9.63,9.94,11.62,11.15,-0.75,2.43,6.91,6.52,-2.53,1.79,2.87,3.38,4.32,4.59,2.01,3.5,2.57,2.91,3.74,4.5,2.75,4.15,6.22,4.51,4.49,3.12,0.53,-0.78,0.8,2.39,2.9,0.74,-1.54,-0.52,2.59,0.14,-0.19,1.32,2.15,1.79,1.31,1.37,-1.27,-5.68,4.08,0.21,1.54,2.15,0.43,1.67,0.81,1.76,0.77,-0.26,-3.89,3.17,1.39,1.97,0.52
Jordan,JOR,,,,,,,,,,,,,,,,,5.04,11.12,16.86,7.19,12.58,2.55,-6.47,-0.32,-7.05,0.75,-2.3,-3.16,-14.9,-7.77,-6,8.46,-0.81,0.06,1.94,-1.25,0.57,0.66,1.19,2.11,3.13,3.58,1.88,5.98,5.5,1.4,1.84,4.73,2.79,0.14,0.22,0.99,-2.59,-6.02,-5.59,-2.71,0.19,-0.3,-0.25,-2.86,1.77,0.92,1.24,1.48
Kazakhstan,KAZ,,,,,,,,,,,,,,,,,,,,,,,,,,,,,,,-11.64,-5.6,-8.89,-11.42,-6.48,2.43,4.06,0.58,3.98,9.48,12.96,9.23,8.67,8.89,8.89,9.77,7.87,2.24,0.02,5.92,5.96,3.35,4.49,2.68,-0.3,-0.44,2.49,2.56,2.99,-3.86,2.92,1.7,3.57,3.46
Kenya,KEN,-11.15,5.35,4.63,0.92,-1.97,10.25,-0.66,3.8,3.81,-8.25,17.82,13.08,2.3,0.6,-2.41,-1.11,5.88,3.3,3.95,1.92,0.13,-2.06,-2.33,-1.92,0.57,3.41,2.27,2.52,1.08,0.67,-1.8,-3.79,-2.58,-0.3,1.48,1.32,-2.23,0.48,-0.6,-2.39,0.58,-2.57,-0.19,1.89,2.7,3.28,3.67,-2.76,0.23,4.97,2.27,1.88,1.26,2.59,2.66,1.94,1.6,3.52,3.07,-2.21,5.57,2.86,3.48,2.47
Kiribati,KIR,,,,,,,,,,,-4.19,9.97,18.83,44.37,5.75,-26.37,-3.99,1.74,-12.04,-2.66,4.46,-2.68,-11.23,12.07,-14.89,-4.71,-1.14,19.15,-9.47,-8.52,-7.52,21.93,-1.62,0.54,1.22,-1.73,-0.66,2.6,-5.53,4.95,-4.99,-0.67,-3.57,-2.58,-0.72,3.68,0.98,-4.99,-1.58,-0.86,1.45,4.26,6.26,-0.04,9.85,5.58,2.2,1.95,1.73,-3.17,6.55,2.89,1.06,3.71
Korea,PRK,,,,,,,,,,,,,,,,,,,,,,,,,,,,,,,,,,,,,,,,,,,,,,,,,,,,,,,,,,,,,,,,
Korea,KOR,3.81,0.97,6.03,6.65,4.62,9.21,6.56,10.57,12,7.68,8.39,5.22,12.88,7.65,6.04,11.43,10.6,9.28,7.04,-3.17,5.59,6.68,11.72,9.2,6.78,10.23,11.62,10.9,6.02,8.8,9.69,5.1,5.8,8.17,8.52,6.87,5.18,-5.81,10.68,8.15,4.05,7.1,2.61,4.78,4.09,4.71,5.27,2.23,0.28,6.27,2.89,1.87,2.7,2.56,2.27,2.54,2.87,2.46,1.89,-0.85,4.44,2.81,1.28,
Kosovo,XKX,,,,,,,,,,,,,,,,,,,,,,,,,,,,,,,,,,,,,,,,,,,,,,,,,5.4,5.29,6.13,0.86,4.7,3.65,7.37,6.21,4.04,3.06,5.24,-5.41,11,5.34,9.35,15.03
Kuwait,KWT,,,,,,,,,,,0.12,-2.34,-12.05,-18.08,-17.56,-0.07,-9.91,0.76,7.24,-23.76,-22.95,-15.95,2.88,0.83,-7.98,4.26,3.91,-13.5,21.19,-2.91,-26.45,51.1,31.01,8.94,3.79,-2.23,-0.82,0.48,-4.67,1.77,-2.45,0.42,14.55,7.82,6.68,1.7,-0.06,-3.07,-11.86,-7.28,3,0.1,-3.77,-3.83,-3.83,-1.43,-8.17,-1.27,-0.47,-3.91,2.59,1.44,-7.01,-4.92
Lao,LAO,,,,,,,,,,,,,,,,,,,,,,,,,2.2,1.98,-4.19,-4.78,10.97,3.71,1.4,2.68,3.08,5.37,4.42,4.46,4.67,2.06,5.45,4.04,4.02,4.23,4.45,4.82,5.5,6.91,5.94,6.2,5.91,6.94,6.49,6.5,6.52,6.14,5.72,5.36,5.23,4.61,3.86,-0.99,1.06,1.27,2.31,2.85
Latvia,LVA,,,,,,,,,,,,,,,,,,,,,,,,,,,,,,,-12.18,-31.18,-3.09,3.91,0.48,3.46,10.27,7.56,3.66,6.87,7.84,8.92,9.48,9.92,12.83,13.86,11.32,-2.37,-14.64,-1.64,4.93,8.64,3.2,3.06,4.64,3.49,4.32,5.13,1.38,-2.79,7.85,2.08,2.96,0.36
Lebanon,LBN,,,,,,,,,,,,,,,,,,,,,,,,,,,,,-43.6,24.07,46.44,14,8.64,6.18,4.54,9.24,-0.76,1.86,-2.26,-0.39,2.13,2,1.81,4.97,1.11,-0.16,7.21,7.27,8.75,6.93,-0.22,-0.17,-5.35,-7.26,-1.49,3.95,3.57,1,-3.87,-20.13,-7.26,-1.08,-1.26,
Lesotho,LSO,-1.13,11.94,7.38,5.11,-0.79,-3.54,7.02,-3.95,-2.08,-1.44,1.43,-3.65,22.09,7.22,-16.45,7.54,18.34,14.99,-0.04,-5.53,-2.19,1.47,-0.92,2.56,-0.26,2.06,-1.47,6.33,3.67,4.04,5.07,5.19,1.96,4.56,2.03,4.47,2.88,1.03,0.22,3.84,3.72,1.04,5.07,2.41,4.42,4.66,3.75,4.81,-1.97,4.46,3.69,5.27,0.7,0.56,1.92,2.35,-4.34,-2.68,-2.57,-9.24,1.1,1.29,0.71,1.62
Liberia,LBR,-0.03,-1.14,-0.26,2.53,2.16,5,4.07,2.13,4.58,3.97,2.3,1.54,-4.78,2,-6.04,2.48,-1.23,1.81,0.26,-6.91,-4.97,-5.21,-4.79,-5.09,-3.82,-4.57,-3.86,-4.83,-28.73,-44.55,-2.51,-38.72,-35.55,-21.57,-5.12,8.95,90.83,17.67,15.2,23.94,-0.06,1.1,-30.7,1.41,0.68,2.17,4.21,2.88,2.04,3.07,4.04,4.24,6.32,-1.37,-2.06,-3.55,0.48,-0.8,-4.38,-4.97,2.79,2.59,2.4,2.56
Libya,LBY,5.46,27.11,29.55,39.84,24.57,15.7,8.23,30.12,9.63,1.51,-8.4,5.57,-1.94,16.26,-1.61,16.12,2.8,-2.48,2.85,-4.92,-23.59,-0.04,-2.32,-6.42,4.85,-13.97,-17.02,4.84,4.6,1.33,13.13,-4.72,-5.65,0.05,-3.91,0.48,3.61,-4.98,-0.74,1.98,-3.56,-2.84,10.78,2.33,9.54,4.34,4.07,-2.26,-6.37,2.91,-49.13,91.78,-19.63,-24.51,-2.43,-2.98,30.4,6.2,-12.5,-30.4,26.72,-9.38,8.92,-1.62
Liechtenstein,LIE,,,,,,,,,,,-0.5,-0.77,-1.24,-1.22,-0.01,3.84,3.11,2.31,2.52,5.02,4.16,-3.77,-0.19,3.7,5.9,2.63,7.97,4.16,3.13,0.74,0.17,2.15,2.73,5.53,4.82,6.02,6.54,6.28,8.52,1.88,-2.37,-2.46,-3.05,1.94,3.91,7.76,2.67,1.19,-1.9,,,,,,,,,,,,,,,
Lithuania,LTU,,,,,,,,,,,,,,,,,,,,,,,,,,,,,,,-5.84,-21.17,-15.83,-9.14,4.09,5.83,9.1,8.24,-0.39,4.15,7.37,7.58,11.45,7.7,9.5,9.12,12.41,3.66,-13.89,2.56,8.75,5.74,5.03,4.62,3.76,3.88,5.89,5.79,4.98,0.07,6.46,1.7,-1.05,2.19
Luxembourg,LUX,2.89,0.12,2.37,6.66,-1.86,0.38,-0.11,3.92,9.44,1.26,1.69,5.31,7.12,2.86,-7.59,2.03,1.39,3.89,2.11,0.48,-0.84,1.05,2.96,6.08,2.59,9.49,3.28,7.68,8.74,4.01,7.2,0.48,2.81,2.42,0.02,0.03,4.11,5.36,6.72,5.51,1.85,2.15,1.38,2.76,0.93,4.34,6.44,-2.07,-5.01,1.88,-1.18,-0.76,0.81,0.23,-0.12,2.74,-1.12,-0.33,0.75,-2.15,5.32,-3.07,-2.68,-0.65
Macedonia,MKD,,,,,,,,,,,,,,,,,,,,,,,,,,,,,,,-5.82,-5.49,-6.29,-1.06,-1.41,0.48,2.24,2.83,3.84,4.07,-3.47,2.23,2.09,5.01,5.29,5.72,7.08,6.08,0.29,4.02,2.81,-0.07,3.31,3.91,4.13,3.18,1.49,3.4,4.62,-3.65,5.59,3.06,2.29,4.8
Madagascar,MDG,-0.58,-0.35,-3.46,1.31,-3.01,-0.59,2.74,3.95,0.87,2.32,0.95,-4.14,-5.47,-1,-1.75,-5.95,-0.69,-5.57,6.56,-2.06,-12.45,-4.76,-2.03,-1.17,-1.74,-0.92,-1.67,0.48,1.09,0.13,-9.07,-1.82,-0.97,-3.1,-1.49,-1.08,0.37,0.57,1.35,1.19,2.77,-14.99,6.61,2.23,1.73,2.35,2.65,3.63,-6.76,-2.27,-1.27,0.2,-0.44,0.61,0.45,1.31,1.26,0.54,1.73,-9.49,2.05,1.6,1.67,1.69
Malawi,MWI,5.11,-1.73,-3.77,0.18,10.87,10.5,4.66,-4.33,3.3,-1.97,13.34,3.55,-0.35,4.31,3.16,1.99,1.71,6.06,0.61,-3.39,-8.94,-1.46,-0.29,1.32,0.62,-3.82,-3.11,-2.25,-3.33,1.6,5.43,-9.99,8.1,-9.19,16.9,5.22,1.73,1.67,0.66,-0.83,-7.25,-0.76,3.09,2.73,0.54,1.85,6.55,4.56,5.17,3.77,1.92,-0.98,2.46,2.7,0.01,-0.26,1.22,1.6,2.95,-1.83,1.88,-1.64,-0.69,-0.76
Malaysia,MYS,4.85,3.68,4.57,2.66,4.97,5.17,1.43,5.56,2.54,3.58,7.45,6.79,9.06,5.75,-1.58,8.92,5.2,4.12,6.75,4.5,3.62,2.62,2.88,4.31,-4.23,-2.02,1.86,6.54,5.79,5.84,6.5,6.04,7.12,6.47,7.07,7.26,4.69,-9.61,3.64,6.34,-1.87,2.87,3.31,4.34,2.97,3.26,4.01,2.66,-3.46,5.43,3.47,3.69,2.92,4.2,3.29,2.62,3.96,3.07,2.76,-6.71,2.13,7.57,2.29,3.84
Maldives,MDV,,,,,,,,,,,2.05,-0.65,-1.42,2.67,-10.68,-2.38,8.03,11.58,7.77,15.35,8.67,-5.68,13.14,23.46,11.79,5.6,5.09,5.15,5.89,13.3,-1.64,3.66,2.82,5.2,10.42,5.52,6.23,5.52,4.38,2.15,-5.53,5.48,11.88,4.2,-12.63,20.71,3.62,5.19,-11.53,3.08,5.09,-1.09,3.43,4.33,0.34,2.74,3.57,5.17,3.72,-34.83,33.77,12.1,4.35,4.77
Mali,MLI,,,,,,,,2.14,-1.31,4.47,0.94,4.12,-3.15,-3.26,9.64,11.6,4.4,-3.35,8.22,-6.3,-0.63,-9.35,-0.39,-2.4,17.9,0.81,-1.86,5.53,2.26,-4.4,9.55,-5.15,1.04,1.57,-1.24,4.77,2.47,4.88,2.8,-2.93,11.96,-0.05,5.7,-1.68,4.04,3.21,0.52,3.09,1.28,3.5,0.71,-3.43,-0.56,4.25,2.71,2.7,2.07,1.64,1.88,-4.11,-0.01,0.44,1.65,1.96
Malta,MLT,,,,,,,,,,,2.44,5.93,4.23,10.11,18.69,16.42,11.75,10.01,9.38,5.93,2.55,0.11,-2,0.92,0.8,2.16,3.4,7.53,7.13,5.26,3.43,3.62,3.44,4.67,5.6,3.1,4.46,4.44,4.1,18.91,-1.5,1.98,3.01,-0.26,2.23,1.96,4.67,3.73,-2.14,5.68,0.56,3.17,5.1,5.48,6.97,1.72,9.92,3.47,-0.05,-5.53,12.72,1.72,2.62,1.98
Mauritania,MRT,,-1.94,-4.64,24.14,12.84,-2.68,0.5,6.91,-1.79,8.62,-1.2,-3.68,-7.4,8.88,-7.89,5.41,-4.66,-3.29,1.86,0.48,0.53,-5.11,0.79,-5.97,0.07,2.71,-0.99,-1.18,2.18,-4.23,-1.14,-1.95,1.68,-6.3,6.85,3.75,-6.16,0.15,0.94,-6.56,-3.22,-0.84,4.51,2.3,5.97,15.4,-4.49,-3.16,-2.99,-0.6,0.85,1.12,0.94,1.18,2.26,-1.73,3.14,1.7,0.14,-3.23,-2.12,3.71,3.39,2.21
Mauritius,MUS,22.77,-2.01,10.96,-9.1,0.92,-5.55,2.37,-8.58,3.13,-2.04,2.63,6.72,10.33,7.17,-0.67,21.77,4.83,2.48,1.73,-11.56,4.32,4.22,-0.54,3.61,6.08,8.91,8.08,6.06,3.67,6.43,3.31,5.12,3.84,2.69,3.39,4.51,4.37,4.96,1.31,7.14,2.53,0.91,5.16,3.68,1.18,4.38,5.25,5.01,3.04,4.13,3.91,3.21,3.11,3.64,3.55,3.79,3.84,3.95,2.86,-14.55,3.38,9.02,5.13,4.82
Mexico,MEX,1.77,1.35,4.64,8.29,3.62,2.64,2.41,5.89,0.13,3.19,0.6,4.99,4.69,2.73,2.76,1.55,0.63,6.11,6.91,6.09,7.05,-2.24,-6.66,1.35,-0.17,-5.86,0.04,-0.76,1.65,3.25,1.99,1.63,0.98,2.52,-7.57,4.39,5.41,4.46,1.13,3.42,-1.92,-1.66,-0.22,2.16,0.75,3.4,0.65,-0.52,-7.66,3.47,1.99,2.16,-0.45,1.27,1.61,0.79,0.92,1.01,-1.33,-9.1,5.34,2.93,2.4,0.58
Micronesia,FSM,,,,,,,,,,,-0.59,-1.6,30.35,12.23,-2.42,-2,-0.04,2.73,-1.01,-10.02,6.44,-5.49,-1.03,-6.7,13.26,4.98,-1.55,0.17,1.53,1.8,5.48,1.97,5.86,-2.37,5.89,-3.6,-6.37,2.57,1.1,4.49,1.88,0.47,1.72,-2.77,2.51,0.54,-1.08,-1.56,2.01,2.66,3.04,-2.04,-3.89,-2.55,4.31,0.15,0.45,-0.39,3.73,-2.23,2.45,-3.33,0.02,0.25
Moldova,MDA,,,,,,,,,,,,,,,,,,,,,,,,,,,,,,,-16.1,-29.09,-1.03,-30.69,-0.95,-5.69,2.02,-6.5,-3.22,2.32,6.34,8.05,6.9,7.67,7.76,5.09,3.24,8.01,-5.88,7.21,5.88,-0.58,9.07,5.06,0.43,5.87,5.99,5.92,5.22,-7.26,15.66,-2.07,4.12,2.97
Monaco,MCO,,,,,,,,,,,3.74,3.44,5.66,3.8,-2,2.82,2.06,2.66,2.43,0.82,0.29,1.44,-0.25,0.07,0.38,1.18,1.26,3.42,3.11,1.72,0.13,0.51,-1.71,1.44,1.36,0.39,1.52,2.85,2.84,3.77,2.21,1.1,1.24,2.68,2.2,6.32,15.23,0.75,-12.78,-0.39,4.55,-1.21,7.3,5.17,3.12,1.57,-4.24,4.38,7.25,-13.1,20.72,9.89,4.98,
Mongolia,MNG,,,,,,,,,,,,,,,,,,,,,,5.76,3.3,3.38,3.12,6.63,0.81,2.4,1.83,-2.01,-11.5,-9.36,-3.05,1,4.68,0.67,2.43,1.91,1.63,-0.19,1.7,3.4,5.65,9.39,6.07,7.26,8.78,7.2,-3.03,4.52,15.28,10.21,9.36,5.55,0.22,-0.55,3.62,5.75,3.68,-6.27,-0.06,3.5,5.96,3.57
Montenegro,MNE,,,,,,,,,,,,,,,,,,,,,,,,,,,,,,,,,,,,,,5.22,-9.15,3.28,0.69,1.5,2.07,4.24,4.03,8.43,6.66,7.03,-6,2.55,3.08,-2.89,3.35,1.59,3.24,2.83,4.61,5,4.01,-15.28,13.32,6.66,6.35,2.99
Morocco,MAR,,,,,,,7.08,6.95,5.49,1.92,2.86,-0.1,1.03,3.04,5.01,8.17,3.4,-0.39,2.09,0.91,-4.36,6.1,-1.23,3.78,3.5,6.91,-2.3,9.74,0.95,1.55,5.37,-3.71,-2.31,8.93,-6.85,10.63,-3.06,5.62,0.19,1.12,6.22,2.33,4.8,3.21,1.78,6.31,2.03,4.25,2.34,2.08,4.07,1.66,2.76,1.44,3.11,-0.69,3.78,1.91,1.82,-8.14,7.06,0.5,2.34,
Mozambique,MOZ,,,,,,,,,,,,,,,,,,,,,2.9,-8.92,-17.44,-8.34,-0.88,-4,14.23,8.39,5.62,-0.45,2.9,-9.35,7.48,-0.52,-3.81,7.13,8.8,7.88,9.33,-1.43,10.37,7.24,4.82,5.76,3.88,7.36,5.12,4.28,3.22,3.86,4.19,4.94,3.54,4.63,4.32,1.67,-0.38,0.45,-0.65,-4.11,-0.61,1.33,2.37,-1.08
Myanmar,MMR,-1.7,1.82,10.87,-7.97,8.22,-6.99,-8.04,9.54,0.98,2.63,1.83,0.2,-3.01,3.31,2.16,4.07,3.93,4.46,3.19,5.89,4.37,3.69,2.37,2.78,0.82,-2.89,-5.67,-12.8,2.07,1.26,-2.07,8.17,4.63,6.07,5.57,5.09,4.31,4.55,9.63,12.48,10.18,10.91,12.78,12.6,12.68,12.26,11.2,9.65,9.94,8.82,4.75,6.43,7.51,7.28,6.14,5.03,5.32,5.5,5.83,-9.69,-12.63,3.32,0.26,-1.64
Namibia,NAM,,,,,,,,,,,,,,,,,,,,,-0.15,-2.15,-4.4,-2.9,-2.37,1.6,0.29,-2.67,-4.4,-3.94,4.62,3.84,-4.67,-1.38,0.92,0.44,1.56,0.7,0.83,1.09,-0.91,2.96,2.75,10.85,1.25,5.71,3.98,1.22,-1.17,4.41,3.3,2.75,2.9,3.36,1.53,-2.63,-3.7,-1.7,-3.58,-10.74,0.59,2.51,1.85,1.42
Nauru,NRU,,,,,,,,,,,2.11,2.14,2.09,2.05,1.96,-3.88,-4.16,-4.61,-5.03,-5.12,-5.17,-5.25,-4.9,-4.68,-4.79,-4.94,-5.03,-5.14,-5.15,-5.16,-20.87,-17.69,-16.79,-4.2,-8.18,-12.02,-9.08,-11.8,-6.47,-6.68,-6.41,-9.54,0.51,-4.32,-0.25,8.49,-22.08,20.51,-5.72,-0.43,13.77,23.22,1.18,13.98,0.71,2.53,-7.46,-2.54,7.46,1.49,6.6,2.15,0.02,1.15
Nepal,NPL,-0.02,-0.05,-0.09,5.4,-3.21,4.83,-3.63,-1.47,2.22,0.36,-3.32,0.9,-2.62,4.04,-0.75,2.14,0.73,2.01,0,-4.6,5.83,1.39,-5.25,7.14,3.76,2.28,-0.44,5.45,2.04,2.13,3.65,1.21,1.05,5.54,1.01,3.03,2.89,1.01,2.49,4.38,3.12,-1.39,2.49,3.36,2.33,2.37,2.55,5.31,3.83,4.17,2.96,4.4,3.32,5.7,3.41,-0.04,8.76,7.36,5.4,-4.23,3.03,4.78,2.05,3.82
Netherlands,NLD,-1.01,5.33,2.24,6.84,7.16,1.41,4.09,5.32,5.2,4.83,3.08,2.49,4.58,2.63,-0.89,3.64,1.91,2.07,1.31,0.54,-1.46,-1.69,1.68,2.65,2.1,2.22,1.29,2.78,3.8,3.47,1.64,0.94,0.55,2.34,2.61,2.94,3.71,4,4.35,3.48,1.55,-0.39,-0.37,1.66,1.8,3.37,3.66,1.72,-4.16,0.8,1.3,-1.34,-0.32,1.25,1.67,1.88,2.18,1.66,1.63,-4.4,5.72,4.01,-0.91,0.32
NewZealand,NZL,1.27,0.49,4.02,3.9,4.38,4.36,-6.28,-0.92,9.21,-2.73,2.25,3.28,5.71,3.81,-3.62,0.04,-4.23,0.29,2.59,1.16,4.25,-0.07,2.09,3.89,0.99,2.73,0.1,-0.63,-0.32,-0.77,-5.77,0.05,5.19,3.73,3.2,1.98,0.75,-0.03,4.83,2.27,2.8,2.91,2.68,2.55,2.19,1.53,2.1,-1.85,-1.03,0.34,1.32,1.81,1.8,2.12,1.6,1.47,1.24,1.63,0.7,-2.48,4.1,3.38,-1.08,-1.88
Nicaragua,NIC,4.33,7.62,7.58,8.36,6.22,0.15,3.68,-1.79,2.96,-1.77,0.13,-0.71,3.38,10.73,-3.16,2.06,5.16,-10.47,-28.44,1.79,2.43,-3.5,1.9,-3.98,-6.34,-3.3,-2.96,-14.44,-4.01,-2.36,-2.46,-1.86,-2.56,1.17,3.78,4.39,2.25,2.14,5.52,2.68,1.64,-0.46,1.32,4.07,2.93,2.68,3.58,1.96,-4.66,2.94,4.83,5.01,3.48,3.36,3.38,3.17,3.25,-4.63,-4.15,-3.45,9.13,2.23,3.01,2.2
Niger,NER,1.56,7.12,6.3,-2.72,3.91,-3.15,-2.64,-2.35,-8.04,0.3,2.89,-7.65,-19.24,5.89,-5.39,-2.05,4.8,10.27,4.04,-5.32,-3.12,-0.82,-6.67,-19.24,4.56,3.2,-2.89,3.68,-2.07,-4.3,-3.48,-1.13,-2.8,-1.37,-0.88,-3.19,-1.79,6.31,-3.59,-4.58,3.57,1.28,-1.4,-3.18,3.51,2.13,-0.59,3.82,-1.76,4.61,-1.38,6.46,1.43,2.78,0.6,1.93,1.33,3.57,2.43,0.19,-1.86,8.32,-1.63,4.92
Nigeria,NGA,-1.85,1.94,6.3,2.73,2.63,-6.31,-17.52,-3.35,21.47,22.18,11.6,0.92,2.8,8.28,-7.82,5.96,2.91,-8.61,3.52,1,-15.76,-9.55,-13.2,-3.62,2.95,-2.62,0.49,4.5,-0.79,8.8,-2.26,1.92,-4.6,-4.37,-2.67,1.51,0.29,-0.06,-2.03,2.24,3.08,12.21,4.43,6.27,3.53,3.17,3.68,3.83,5.07,5.03,2.4,1.38,3.81,3.54,0.08,-4.02,-1.62,-0.41,-0.01,-3.86,1.5,1.11,0.72,1.29
Norway,NOR,5.43,1.99,3,4.22,4.47,2.96,5.37,1.4,3.66,1.21,4.94,4.53,3.8,3.28,4.37,5.33,3.72,3.47,4.02,4.23,1.25,-0.13,3.63,5.75,5.24,3.67,1.28,-0.79,0.62,1.58,2.59,2.98,2.23,4.46,3.62,4.5,4.72,2.06,1.38,2.65,1.55,0.83,0.35,3.4,1.99,1.64,1.85,-0.76,-3.17,-0.46,-0.2,1.38,-0.2,0.9,0.85,0.28,1.64,0.17,0.44,-1.86,3.35,2.32,-1.06,1.14
Oman,OMN,-0.62,17.98,2.5,-1.98,-1.72,2.82,62.29,77.41,22.46,10.9,-1.83,6.77,-16.7,7.65,19.34,15.24,-3.79,-8.51,-1.03,0.51,10.84,5.54,10.37,10.51,7.32,-4.34,-9.07,0.12,5.91,-5.1,1.06,3.56,1.67,0.87,3.08,1.31,4.4,-1.5,-1.06,4.83,3.34,-1.93,-3.3,0.25,0.48,2.38,2.72,6.61,3.69,-0.23,-7.78,-5.57,-2.64,-2.97,0.44,0.12,-2.93,-0.05,-0.99,-1.91,3.09,2.74,-5.21,-2.8
Pakistan,PAK,3.25,1.8,5.85,4.71,7.44,2.89,2.47,4.22,2.53,8.2,-2.26,-1.94,3.99,0.54,1.14,1.99,0.74,4.64,0.23,5.8,3.5,2.61,3.14,1.82,4.24,1.99,2.88,4.07,1.59,1.02,1.64,4.67,-1.02,0.78,1.97,1.84,-1.8,-0.24,0.88,1.36,0.79,0.11,2.95,5.2,4.73,3.56,1.72,-0.58,0.88,-0.98,0.41,1.08,2.68,2.57,2.77,5.2,2.97,4.44,0.78,-3.04,4.52,2.96,-1.58,1.69
Palau,PLW,,,,,,,,,,,-3.2,-3.24,-2.66,-0.96,0.28,0.41,2.02,0.19,0.46,0.16,-1.43,-2.67,-0.51,2.03,2.73,2.91,3.16,3.2,3.32,3.27,2.52,-8.6,-14.35,4.75,8.16,7.53,-0.26,-0.29,-7.29,-4.01,5.54,4.2,-3.99,3.09,3.42,1.03,3.29,-4.04,-5.77,0.79,6.97,3.04,-2.39,4.37,7.87,-0.59,-3.34,0.1,0.29,-5.97,-13.75,-1.19,2.06,
Palestine,PSE,,,,,,,,,,,,,,,,,,,,,,,,,,,,,,,,,,,2.43,-3.22,9.65,11.45,5.55,-10.86,-11.6,-14.7,11.14,18.85,8.48,-3.49,1.17,4.51,5.73,3.07,6.87,3.51,2.21,-2.47,1.37,6.45,-0.58,-1.3,-1.15,-13.5,4.41,1.59,-6.81,-28.27
Panama,PAN,7.69,5.04,5.3,1.31,5.93,4.43,5.41,3.92,5.39,3.98,6.59,1.73,2.55,-0.24,-0.87,-0.88,-1.38,7.16,2.04,10.43,6.65,2.89,-6.71,0.34,2.55,1.25,-3.97,-15.25,-0.59,5.82,7.12,5.96,3.29,0.75,-0.3,-7.65,5.56,6.24,3.15,2.18,-1,0.55,3.1,6.13,6.25,7.84,11.1,8.21,-0.21,4.2,9.94,7.71,4.49,2.83,3.46,2.78,3.95,2.19,1.48,-18.94,15.07,9.38,6,1.57
Paraguay,PRY,4.47,0.91,2.18,1.64,3.57,-0.46,6.59,2.13,2.34,3.21,3.18,4.19,4.74,5.72,4.23,4.91,8.77,9.27,9.05,8.81,6.23,-4.11,-5.73,-0.04,1.61,2.04,4.59,2.99,4.02,1.34,0.78,-0.92,2.31,2.76,4.29,-0.76,1.92,-2.09,-3.4,-4.19,-2.49,-1.42,3.05,2.87,1.01,3.72,4.39,5.47,-1.28,9.8,2.91,-2.1,6.75,3.79,1.46,2.77,3.33,1.78,-1.74,-2.15,2.76,-0.95,3.72,2.97
Peru,PER,4.26,6.88,1.34,3.51,2.63,5.2,0.95,-2.63,0.66,0.81,2.04,0.77,3.56,6.65,1.73,-1.02,-2.1,-5.04,1.53,3.33,2.96,-2.67,-12.61,1.08,-0.4,6.88,7.25,-11.47,-14.26,-7.06,0.09,-2.55,3.14,10.11,5.35,0.88,4.53,-2.19,-0.24,1.1,-0.75,4.2,3.06,3.93,5.34,6.68,7.73,8.41,0.47,7.63,5.54,5.26,4.9,1.37,2.09,2.58,1.02,2.1,0.5,-11.99,12.28,1.83,-1.49,2.18
Philippines,PHL,2.39,1.56,3.7,0.24,2.17,1.36,2.17,2.04,1.77,1.04,2.94,3.05,6.39,1.18,3.08,6.06,2.79,2.41,2.82,2.49,0.76,0.87,-1.03,-9.69,-9.37,0.89,1.65,3.87,3.54,0.48,-2.8,-1.93,-0.25,2.12,2.36,3.45,2.74,-2.98,0.74,1.93,0.8,1.63,3.02,4.52,3.01,3.56,4.69,2.52,-0.36,5.16,1.84,4.84,4.76,4.62,4.79,5.72,5.56,5.03,4.84,-10.55,4.76,6.77,4.67,4.82
Poland,POL,,,,,,,,,,,,,,,,,,,,,,,,,,,,,,,-7.34,2.2,3.47,5.07,7.78,6.01,6.29,4.58,4.71,5.76,1.26,1.95,3.59,5.15,3.31,6.27,6.82,4.37,2.55,3.46,5.2,1.51,0.75,4,4.5,3.08,5.14,6.25,4.61,-0.86,8.47,5.71,0.62,3.3
Portugal,PRT,4.69,5.85,5.45,6.25,7.91,4.87,8.23,9.34,3.04,10.09,7.08,8.18,11.17,-0.26,-7.91,3.9,4.49,1.71,4.51,3.46,0.74,1.51,-0.64,-2.26,2.53,4.05,6.41,7.6,6.6,4.18,4.61,1.17,-2.16,0.69,3.92,3.12,3.94,4.28,3.32,3.09,1.23,0.22,-1.3,1.55,0.6,1.44,2.31,0.17,-3.21,1.69,-1.57,-3.66,-0.44,1.29,2.01,2.33,3.57,3.11,2.72,-8.3,4.9,6.24,1.22,0.75
PuertoRico,PRI,5.18,6.09,6.3,4.98,7.52,6.23,5.39,4.53,8.48,7.05,4.66,5.08,4.07,0.8,-2.47,4.5,4.41,5.54,6.59,3.01,0.01,-2.6,-3.34,4.88,2.1,3.98,4.78,4.91,3.39,-3.7,1.58,3.89,3.77,3.22,3.59,1.17,3.91,4.93,4.86,2.99,6.09,0.79,-0.01,8.73,-1.85,-0.99,-0.58,-1.27,-1.42,0.01,0.48,0.92,0.51,0.09,0.35,0.29,-0.9,-0.87,1.31,-3.56,0.97,4.32,1.01,3.24
Qatar,QAT,,,,,,,,,,,-2.55,-0.41,0.29,-3.33,-2.74,0.07,-13.98,1.42,-1.63,-7.2,-5.16,-12.25,-7.24,-0.81,-6.95,0.8,-3.63,2.23,2.63,0,-4.84,7.82,-4.36,-1.61,-0.56,1.47,24.94,5.46,-1.16,2.59,-1.15,2.17,-0.94,14.8,0.71,7.05,-5.03,-0.34,-0.71,19.01,12.82,-1.21,-5.13,-6.19,-3.86,-2.45,-4.16,-0.13,-1.52,-8.92,13.36,-1.79,1.24,-4.49
Romania,ROU,,,,,,,,,,,,,,,,,,,,,,,,,,,,,,,-12.16,-7.94,1.67,4.08,6.45,4.21,-4.57,-1.83,-0.22,2.59,6.7,7.66,3.08,11.06,5.32,8.67,8.83,11.14,-4.73,-3.33,5.01,2.36,0.65,4.51,3.64,3.45,8.82,6.75,4.47,-3.14,6.34,4.37,2.35,0.76
Russia,RUS,,,,,,,,,,,,,,,,,,,,,,,,,,,,,,-3.16,-5.32,-14.61,-8.62,-12.54,-4.12,-3.61,1.57,-5.14,6.73,10.46,5.55,5.18,7.79,7.63,6.81,8.55,8.69,5.25,-7.83,4.45,4.18,3.76,1.45,-1.12,-2.28,-0.09,1.61,2.72,2.14,-2.53,5.97,-1.73,3.89,
Rwanda,RWA,-6.9,8.56,-11.84,-14.46,4.25,4.02,3.74,3.74,7.64,2.82,-1.74,-2.59,0.47,-1.52,-4.95,16.02,-0.97,5.97,8.54,5.62,2.12,-1.47,2.5,-7.41,0.94,2.01,-3.25,1.22,-3.05,-4.92,-4.48,3.72,-11.54,-41.54,61.87,-4.64,-1.51,4.46,3.5,7.5,7.53,11.67,-0.02,4.65,6.51,6.35,4.81,8.28,3.54,4.66,5.34,6.07,2.23,3.63,6.28,3.49,1.51,6.03,6.98,-5.52,8.46,5.82,5.9,6.58
Samoa,WSM,,,,,,,,,,,11.84,0.16,5.84,-12.42,-6.26,6.7,-2.41,5.18,9.88,-7.02,-9.77,-1.44,0.29,1.24,3.89,5.37,0.12,-1.84,3.45,-4.58,-2.49,-0.76,3.23,-3.32,5.81,6.27,-0.19,1.42,1.41,4.28,6.52,4.9,4.67,2.63,6.22,1.73,-0.07,2.82,-1.27,5.29,2.95,-4.61,-0.79,-0.23,2.95,7.07,0.46,-1.65,3.36,-4.1,-7.88,-5.96,8.5,8.74
SanMarino,SMR,,,,,,,,,,,,,,,,,,,,,,,,,,,,,,,,,,,,,,6.13,7.67,0.88,4.24,-0.96,2.56,-1.18,1.12,2.63,3.58,-1.92,-14.13,-6.05,-6.49,-9.4,0.5,0.47,1.54,1.71,-1.89,-0.56,1.65,-6.94,15.62,9.49,,
SaudiArabia,SAU,7.85,7.88,4.76,4.82,8.05,4.23,4.86,3.55,1.87,46.37,10.23,13.26,16.51,10.26,-10.31,9.19,0.16,-5.39,4.7,-0.23,-2.99,-21.07,-16.25,-9.55,-12.38,-4.57,-8.45,1.08,-4.53,4.16,3.18,-0.13,-3.97,-3.28,-3.76,-0.74,-1.24,-0.97,-4.16,0.15,-4.74,-5.51,3.7,3.76,1.36,-1.02,-1.94,2.04,-4.87,6.09,6.8,1.41,-2.48,1.51,-0.63,-2.03,1.11,5.9,2.1,-8.34,9.18,7.16,-4.01,-2.8
Senegal,SEN,0.13,-2.91,-0.97,0.98,-1.54,-0.09,-4.11,3.17,-9.3,5.37,-3.08,3.25,-8.36,1.21,4.6,6.09,-5.03,-6.17,4.47,1.45,2.52,5.21,-8.15,1.14,0.62,0.2,3.2,-3.65,1.03,-3.55,-0.22,-1.47,-1.39,-2.69,2.8,-0.44,0.64,3.45,3.79,1.41,1.81,-2.35,3.08,2.22,1.9,-0.02,0.47,1.31,0.35,0.95,-1.2,1.26,-0.58,2.91,3.15,3.24,4.35,3.28,1.81,-1.29,3.87,1.32,1.8,4.44
Serbia,SRB,,,,,,,,,,,,,,,,,,,,,,,,,,,,,,,,,,,,6.25,9.27,5.77,-10,6.39,6.96,6.59,4.83,6.94,6.22,4.31,8.27,5.61,-2.75,2.02,0.81,0.04,0.94,-1.33,1.82,3.52,2.91,5.22,5.31,-0.29,8.97,5.25,4.49,4.45
Seychelles,SYC,-7.52,5.57,7.37,3.3,-3.51,11.09,-1.94,4.98,-2.35,6.36,13.53,3.78,7.4,-0.52,0.82,13.95,-8.14,20.44,14.8,-5.96,-5.04,-2.65,-0.5,3.69,9.4,0.14,0.52,4.93,9.63,6.93,1.4,6.68,5.09,-5,-0.98,8.4,10.88,0.48,-0.11,3.33,-2.36,-1.83,-4.82,-2.49,8.5,7.15,8.32,-4.88,-2.86,1.63,12.43,2.1,-0.6,2.46,6.51,10.63,5.65,3.94,4.58,-12.49,-0.25,-6.68,2.35,2.12
SierraLeone,SLE,0.22,2.84,-0.01,4.83,5.26,-0.16,-1.83,0.1,6.49,6.58,1.56,-0.93,0.38,1.6,-0.18,-2.23,-1.79,0.45,2.49,2.77,0.82,2.65,-4.17,1.84,-7.38,-1.21,4.39,-9.55,-1.76,-0.66,1.16,-17.46,1.6,-2.32,-8.13,1.27,-7.08,0.79,-2.48,4.11,-11.72,19.43,5.12,2.94,1.58,2.01,1.5,1.13,-1.17,3.5,5.32,7.81,11.88,-9.99,-6.55,3.96,0.77,0.51,3.08,-3.51,3.52,3,3.41,1.82
Singapore,SGP,4.58,4.62,7.29,-5.56,5.25,7.47,10.05,11.59,12.13,12.18,10.37,11.24,8.56,4.37,2.48,6,5.38,6.48,8.18,8.72,5.61,2.5,7.15,6.76,-0.76,1.44,9.14,8.48,6.97,5.63,3.7,3.48,8.68,7.67,3.97,3.19,4.74,-5.46,4.88,7.17,-3.7,2.98,6.1,8.57,4.87,5.65,4.57,-3.42,-2.85,12.51,4.02,1.9,3.13,2.59,1.76,2.41,4.38,2.97,0.16,-3.51,14.43,0.72,-3.01,2.33
Slovenia,SVN,,,,,,,,,,,,,,,,,,,,,,,,,,,,,,,-8.96,-5.32,3.09,5.45,4.08,2.98,5.31,3.29,5.19,3.19,2.67,3.15,3.13,4.48,3.67,5.57,6.54,3.21,-8.42,0.67,0.45,-3.12,-0.96,2.66,2.32,2.96,5.11,4,2.79,-4.73,8.1,2.5,1.71,1.31
Somalia,SOM,-5.74,4.32,0.16,-8.53,-8.38,6.27,3.2,-0.62,-4.25,1.86,-0.5,11.91,-14.45,-1.83,11.85,-4.28,10.65,-1.47,-16.05,-6.56,5.43,2.41,-14.35,-0.43,5.2,-6.1,6.23,3.31,5.57,2.79,7.02,-4,1.09,-21.89,0.3,4.19,-2.31,2.26,3.06,2.91,2.92,3.67,3.73,3.24,3.46,3.27,3.42,3.58,4.04,4.08,5.94,5.73,7.44,5.14,6.72,2.99,10.37,-1.48,-0.89,-6.37,-0.26,-0.33,1.06,0.41
SouthAfrica,ZAF,0.97,3.07,4.17,4.69,2.91,1.25,3.9,0.96,1.53,2.11,1.27,-1.22,1.62,3.16,-1.08,-0.48,-2.76,0.24,1.02,3.43,1.83,-3.77,-5.22,1.52,-4.45,-3.13,-1.03,1.07,-0.57,-3.05,-3.25,-3.88,-0.76,1.54,1.86,2.96,1.38,-0.71,1.29,3.25,1.82,2.72,1.93,3.51,4.22,4.53,4.25,2.01,-2.71,1.83,1.9,0.9,0.81,-0.26,-0.69,-0.28,0.5,-0.14,-1.38,-7.68,3.35,0.48,-0.63,-0.67
Spain,ESP,10.8,8.95,8.64,4.27,5.11,6.15,3.06,5.21,7.84,3.09,3.4,6.96,6.6,4.47,-0.54,2.22,1.79,0.49,-0.84,1.39,-0.84,0.64,1.28,1.36,1.95,2.95,5.27,4.87,4.66,3.68,2.29,0.44,-1.54,1.9,2.3,2.18,3.15,3.87,3.99,4.73,3.2,1.31,1.09,1.35,1.82,2.3,1.63,-0.83,-4.62,-0.37,-0.99,-2.93,-1.07,1.83,4.15,2.84,2.65,1.93,1.23,-11.39,6.49,5.42,1.48,2.18
SriLanka,LKA,,1.32,0.04,1.39,0.06,2.52,3.9,3.29,5.23,1.54,-0.83,-2.41,4.99,1.94,4.22,1.48,3.21,3.73,4.44,3.93,3.94,2.87,4.12,4.74,4.31,3.11,0.54,1.44,1.23,5.72,3.82,2.75,5.1,4.07,3.77,1.82,4.4,2.74,2.38,4.09,-3.09,2.89,5.17,4.73,5.56,6.95,6.07,5.25,2.91,7.38,8,7.81,7.01,5.39,3.25,3.87,5.25,1.29,-0.83,-5.13,3.09,-7.45,-1.69,5.59
StKitts,KNA,,,,,,,,,,,,,,,,,,4.25,8.06,8.9,1.91,0.94,1.66,9.44,9.17,11.54,7.25,9.99,6.27,5.72,-1.68,3.35,5.44,3.96,4.01,4.48,5.47,-1.78,1.82,8.47,4.07,0.8,-4.26,3.68,9.44,2.86,0.31,11.01,-3.57,0.1,1.53,-1.05,5.65,7.53,0.7,3.96,0.27,2.09,3.06,-15.15,0.6,10.47,4.22,0.98
StLucia,LCA,,,,,,,,,,,,,,,,,,8.69,2.3,-3.66,4.66,0.49,3.32,5.56,6.53,12.59,2.37,12.4,7.77,8.82,-0.82,6.35,-0.89,0.09,0.16,1.4,-2.08,4.84,1.34,-1.16,-4.39,-0.46,3.41,6.44,-1.14,5.44,1.01,4.3,-3.44,-0.28,3.78,-0.56,-2.26,0.88,-0.34,2.99,2.97,2.49,-1.06,-24.61,11.43,20.21,1.92,3.63
StMartin,MAF,,,,,,,,,,,,,,,,,,,,,,,,,,,,,,,,,,,,,,,,,,,,,,,,,,,,,,,1.22,5.55,-7.16,-5.89,11.92,-5.67,11.29,,,
Sudan,SSD,,,,,,,,,,,,,,,,,,,,,,,,,,,,,,,,,,,,,,,,,,,,,,,,,0.2,0.06,-9.67,-48.43,8.98,2.74,-9.77,,,,,,,,,
Sudan,SDN,-2.7,3.95,-5.59,-4.01,3.61,-6.35,-1.47,-0.98,-1.55,2.83,-0.83,-8,-3.03,7.41,11.95,12.85,2.78,-9.31,-8.55,-2.32,3.43,2.2,-1.06,-7.06,-7.96,3.45,12.18,-1.56,7.67,-7.12,5.35,4.55,2.49,-1.47,3.22,3.53,15.59,1.8,0.52,3.37,3.52,3.05,3.48,2.39,2.75,3.56,2.69,0.69,-5.81,0.76,5.87,-7.2,-0.37,1.86,-1.15,0.37,-2.72,-6.02,-5.01,-6.19,-4.48,-3.6,-21.16,
Suriname,SUR,1.39,-0.17,0.93,2.36,8.16,15.19,8.32,3.98,1,-0.69,0.59,-1.97,-1.39,0.93,3.46,9.61,11.12,7.6,0.43,-8.26,7.08,-4.48,-4.46,-2.78,0.74,-0.58,-7.28,6.38,2.62,-5.45,2.08,-0.22,-7.09,2.66,-1.68,-1.12,3.52,0.21,-3.41,0.02,2.08,0.73,4.23,6.91,3.42,4.65,3.92,2.94,1.82,3.95,4.64,1.53,1.78,-0.85,-4.45,-5.9,0.55,3.93,0.12,-16.87,-3.32,1.54,1.61,1.94
Sweden,SWE,5.18,3.69,4.74,6.03,2.85,1.12,2.58,3.06,4.27,5.48,0.25,1.99,3.79,2.9,2.15,0.69,-1.95,1.46,3.61,1.49,0.33,1.19,1.85,4.13,1.99,2.45,3.01,2.09,1.97,-0.02,-1.82,-1.74,-2.63,3.28,3.55,1.54,3.01,4.19,4.12,4.46,1.09,1.95,1.5,3.77,2.38,4.09,2.46,-1.69,-5.07,4.85,2.39,-1.15,0.28,1.29,3.31,1.07,0.46,0.73,1.52,-2.71,5.3,0.77,-0.59,0.66
Switzerland,CHE,5.99,2.17,2.66,3.53,0.93,1.4,1.79,2.29,4.45,5.61,3.53,2.42,2.29,0.91,-7.24,-0.84,2.78,0.4,2.29,4.19,1.05,-1.88,0.21,2.64,3.22,1.33,0.95,2.52,3.49,2.62,-2.15,-1.14,-1.03,0.47,-0.19,0.03,2.02,2.72,1.18,3.38,0.93,-0.83,-0.77,2,2.09,3.42,2.99,1.51,-3.51,2.17,0.69,0.11,0.63,1.11,0.49,0.96,0.42,2.11,0.42,-2.85,4.75,2.19,-0.57,-0.33
Syria,SYR,7.57,20.91,-11.35,5.98,-0.83,-10.52,4.87,0.46,14.99,-4.96,5.36,21.46,-13.44,21.63,12.47,8.48,-5.12,6.24,-2.48,10.73,4.24,-0.56,-1.11,-10.8,5.57,-11.11,-1.76,14.07,-16.46,0.44,4.34,9.56,3,4.1,4.04,6.89,2.3,4.07,-5.98,-1.8,-1.4,1.47,4.68,4.29,3.52,0.64,-0.64,0.84,4.27,2.83,1.07,-25.96,-22.58,-4.15,0.01,-5.28,-0.88,-0.44,-2.64,-3.98,-0.87,-3,-5.95,
Tajikistan,TJK,,,,,,,,,,,,,,,,,,,,,,,,,,0.18,-4.54,9.98,-9.2,-3.02,-9.49,-30.36,-17.5,-22.66,-14.23,-18.32,0.47,4.69,3.17,7.01,7.48,8.69,8.88,8.16,4.63,4.99,5.75,5.78,1.79,4.25,5.03,4.96,4.75,4.06,3.34,4.23,4.5,5.04,4.89,2.05,7.01,5.72,6.14,6.34
Tanzania,TZA,-1.71,5.98,3.19,2.4,1.24,8.28,2.3,2.9,-0.18,-48.24,0.34,3.36,2.44,-1.51,0.27,-0.38,-3.51,-1.46,-0.89,-0.46,-3.95,-3.36,-3.61,1.32,-2,2.07,1.44,4.06,1.04,4.3,-0.48,-1.89,-1.91,-2.25,0.37,2.65,1.46,1.02,2.1,1.6,3.25,4.36,3.89,4.63,4.54,3.6,3.83,2.87,2.71,3.67,4.7,1.54,3.63,3.51,2.77,3.3,3.27,2.21,2.71,-1,1.25,1.54,2.08,
Thailand,THA,2.32,4.42,4.83,3.69,5,7.88,5.49,5.05,3.59,8.37,2.1,1.54,7.37,1.84,2.44,6.83,7.41,7.92,3.18,3.03,3.8,3.31,3.56,3.76,2.73,3.66,7.63,11.37,10.36,9.36,6.8,6.38,6.59,6.42,6.59,4.2,-4.04,-8.83,3.27,3.28,2.4,5.13,6.19,5.34,3.3,4.1,4.59,0.95,-1.42,6.79,0.22,6.58,2.09,0.45,2.66,2.97,3.74,3.91,1.91,-6.21,1.43,2.57,2.06,2.58
Timor-Leste,TLS,,,,,,,,,,,,,,,,,,,,,,,,,,,,,,,8.16,7.55,7.24,4.2,3.77,5.06,1.18,-4.64,-27.11,77.09,6.73,-13.8,-6.21,-0.92,0.9,-6.89,7.16,8.42,7.41,6.72,3.52,2.58,0.99,2.42,0.5,1.07,-4.99,-1.9,21.04,29.46,3.44,-21.65,-19.01,-3.33
Togo,TGO,10.22,1.96,3.09,11.85,12.32,5.72,1.41,0.77,6.5,-1.13,-3.16,4.6,1.13,2.2,-0.06,-4.4,4.42,8.39,-7.56,11.4,-6.27,-6.74,-8.58,2.07,2.23,-1.47,-2.5,3.47,1.01,-3.12,-3.52,-6.66,-14.57,14.56,3.25,4.87,10.81,-5.03,-0.37,-3.48,-1.8,1.22,4.05,-3.49,-7.08,-0.19,-4.01,1.09,2.51,3.01,3.01,3.54,3.14,2.99,2.84,1.63,1.44,2.24,2.39,-0.44,3.5,3.3,3.95,2.97
Tonga,TON,,,,,,,,,,,,,,,,,,,,,,4.67,1.96,1.75,6.56,2.09,2.6,-2.47,-0.05,-2.34,6.21,0.12,3.65,4.89,6.17,0.04,-0.99,1.57,1.64,3.12,0.89,3.84,-0.51,-2.53,-1.22,-2.7,-2.9,4.57,-5.29,0.64,6.54,1.02,0.75,2.44,1.6,7.18,3.37,0.49,-0.3,1.75,0.57,-1.89,2.52,
Trinidad,TTO,11.63,0.75,3.65,5.73,-0.98,2.46,0.6,3.85,1.51,2.41,-0.08,4.49,0.38,2.52,0.25,5.12,7.78,8.63,2.27,9,3.34,2.64,-11.27,-6.75,-5.28,-4.55,-5.68,-4.91,-1.75,0.65,2.3,9.27,-1.35,2.93,3.26,6.66,7.12,7.76,7.66,6.49,3.71,7.41,13.87,7.41,10.38,12.91,4.33,2.97,-4.5,2.73,-1.07,6.14,2.93,3.33,-0.88,-7.69,-5.01,-1.17,0.12,-9.09,-0.97,1.21,1.3,1.59
Tunisia,TUN,,-5.74,-11.9,-6.01,-4.06,1.43,-2.12,7.72,2.14,2.09,7.82,14.8,-3.18,5.27,4.32,5.04,0.74,3.85,4.14,4.98,3.14,-2.66,2.53,3.31,2.94,-3.92,4.1,-2.24,-0.47,5.71,1.74,5.56,0.17,1.34,0.76,5.61,4.02,3.46,4.8,3.54,2.69,0.29,3.66,5.25,2.59,4.32,5.74,3.24,2,1.87,-3.13,3.05,1.22,1.87,-0.17,0.01,1.17,1.62,0.65,-9.76,4.09,2.07,-0.63,0.72
Turkiye,TUR,-1.59,2.76,6.19,2.73,0.27,8.42,2.05,4.11,1.56,0.84,3.09,4.88,0.9,3.28,4.97,8.23,1.3,-0.53,-2.56,-4.38,2.79,1.37,2.53,4.29,1.95,4.76,7.28,0.3,-1.66,7.24,-1.04,3.26,5.81,-6.31,6.13,5.77,6.03,0.99,-4.55,5.57,-6.92,5.17,4.54,8.58,7.83,5.86,4.87,-0.45,-6.13,6.79,9.58,3.46,7.1,3.53,4.68,1.94,6.12,1.63,-0.61,0.88,10.43,4.5,4.68,2.95
Turkmenistan,TKM,,,,,,,,,,,,,,,,,,,,,,,,,,,,7.7,-6.95,31.85,-6.96,-16.88,-0.71,-18.99,-8.85,4.88,-12.89,5.31,14.38,3.39,2.27,-1.72,1.26,3,10.93,8.93,9.01,12.53,4.03,6.99,12.3,8.71,7.77,7.83,4.09,3.79,4.09,3.83,3.98,3.68,4.07,4.17,4.36,0.49
Tuvalu,TUV,,,,,,,,,,,-1.96,-2.07,-1.74,-4.06,-6.26,-5.29,-7.8,-5.66,-3.54,-3.09,0.42,-17.52,7.22,5.92,-3.59,20.03,10.19,17.25,-3.58,13.59,2.1,1.54,3.11,9.31,-5.75,-6.59,9.32,14.88,-2.03,-1.47,-0.44,9.1,-5.06,-3.48,-5.84,1.26,5.82,5.23,-7.5,-3.63,5.17,-3.51,3.71,0.15,10.63,5.98,3.02,2.5,15.65,-2.6,3.85,2.71,5.71,
UAE,ARE,,,,,,,,,,,16.84,21.02,55.82,2.16,-4.29,2.71,5.31,-13.64,7.3,11.23,-3.35,-12.04,-10.06,-1.61,-8.63,-20.14,-3.64,-8.85,5.56,11.57,-4.59,-1.94,-3.63,2.02,2.02,-0.84,-0.25,-7.06,-4.21,3.63,-4.86,-3.6,2.69,3.72,-0.45,2.29,-8.11,-7.91,-10.96,-0.8,2.71,-2.13,0.94,-0.57,1.19,0.48,-2.41,-0.02,0.05,-4.5,2.46,2.18,-0.42,0.01
Uganda,UGA,,,,,,,,,,,,,,,,,,,,,,,3.16,-2.98,-5.98,-2.49,0.79,4.87,2.98,3.09,2.15,-0.05,4.65,2.89,8.52,6.17,2.1,1.83,4.61,-0.05,2.01,5.38,3.16,3.65,3.26,7.59,5.27,5.55,3.71,2.57,6.23,0.87,0.66,2.05,2,1.36,-0.41,2.75,2.89,-0.42,0.26,1.49,2.43,3.25
UK,GBR,1.92,0.24,4.08,4.91,1.48,1.01,2.22,4.96,1.52,2.3,3.07,3.97,6.32,-2.55,-1.47,2.94,2.49,4.2,3.66,-2.15,-0.82,2.03,4.19,2.11,3.91,2.91,5.17,5.5,2.31,0.43,-1.41,0.13,2.24,3.58,2.26,2.32,4.65,3.1,2.72,3.97,2.18,1.37,2.67,1.88,2.03,1.63,1.83,-1.03,-5.34,1.44,0.35,0.79,1.12,2.43,1.49,1.12,2.1,0.91,1.1,-10.45,8.19,3.88,-0.9,0.03
Ukraine,UKR,,,,,,,,,,,,,,,,,,,,,,,,,,,,2.15,3.49,-6.59,-8.9,-10.16,-14.24,-22.49,-11.5,-9.23,-2.16,-1.11,0.61,6.8,9.8,6.27,10.34,12.58,3.92,8.27,8.71,2.78,-14.78,4.47,5.78,0.36,0.23,-5.09,-9.28,2.94,2.86,4.1,3.87,-3.08,4.41,-22.75,15.22,
Uruguay,URY,1.21,-2.76,-0.99,1.3,-0.01,2.06,-4.53,1.06,5.13,1.72,-0.81,-1.85,-0.27,2.29,5.42,3.25,0.83,4.79,5.69,5.41,1.17,-10.13,-10.67,-1.59,0.98,8.24,7.39,0.88,0.5,-0.29,2.94,7.34,2.12,6.72,-1.96,5.02,7.97,4,-1.97,-2.3,-4.08,-7.86,0.73,4.94,7.37,3.98,6.36,6.95,3.99,7.53,4.9,3.27,4.33,2.9,0.02,1.35,1.47,-0.02,0.85,-7.41,5.92,4.66,0.83,3.15
USA,USA,0.88,4.51,2.87,4.3,5.18,5.37,1.63,3.87,2.12,-0.98,1.99,4.13,4.64,-1.45,-1.18,4.39,3.58,4.42,2.03,-1.21,1.54,-2.73,3.63,6.31,3.25,2.51,2.53,3.24,2.7,0.74,-1.43,2.1,1.41,2.76,1.47,2.57,3.2,3.27,3.59,2.93,-0.04,0.76,1.92,2.89,2.53,1.8,1.04,-0.83,-3.43,1.83,0.76,1.48,1.35,1.71,2.13,1.02,1.75,2.36,2.06,-2.56,5.89,1.92,2.04,1.8
Uzbekistan,UZB,,,,,,,,,,,,,,,,,,,,,,,,,,,,6.16,0.43,-0.82,-2.86,-13.36,-4.53,-7.21,-2.86,-0.19,3.4,2.68,2.85,2.53,2.9,2.71,2.97,6.14,5.62,6.07,7.95,7.37,6.33,5.91,5.89,5.5,5.63,5.11,5.38,4.12,2.64,3.75,4.86,-0.32,5.96,3.89,4.16,4.42
Vanuatu,VUT,,,,,,,,,,,,,,,,,,,,-13.41,2.09,-0.37,0.55,6.89,-1.51,-2.66,-5.35,-4.19,-1.03,8.93,0.61,0.07,-1.7,6.51,-1.31,0.07,2.68,-0.92,-1.72,3.52,-5.8,-7.54,1.75,1.48,2.78,5.87,0.39,2.99,0.45,-1.09,0.93,-1.19,-1.75,0.31,1.68,1.2,2.01,0.46,0.86,-7.18,-3.81,2.77,-3.24,1.63
Venezuela,VEN,-0.42,4.8,0.38,7.41,0.72,-1.8,-0.48,3.94,-2.42,4.42,-1.57,-1.72,3.98,-0.89,-0.07,4.64,3.23,-0.56,-2.07,-7.08,-3.09,-4.71,-6.32,-1.22,-2.4,3.76,0.93,3.15,-10.83,3.9,7.15,3.63,-1.96,-4.47,1.76,-2.26,4.21,-1.7,-7.79,1.74,1.52,-10.49,-9.38,16.27,8.49,8.1,7.08,3.76,-4.51,-2.77,2.85,4.31,0.13,-4.98,,,,,,,,,,
Vietnam,VNM,,,,,,,,,,,,,,,,,,,,,,,,,1.43,0.6,1.5,3.03,5.18,2.92,3.76,6.47,6.01,6.89,7.72,7.69,6.59,4.26,3.42,5.59,5.08,5.24,5.84,6.5,6.55,5.57,5.25,3.75,3.83,5.21,5.19,4.28,4.31,5.14,5.67,5.35,5.62,6.28,6.32,1.92,1.67,7.73,4.36,6.42
World,WLD,2.65,3.48,2.8,4.36,3.47,3.28,1.72,3.81,3.81,1.61,2.11,3.52,4.32,-0.02,-1.28,3.31,2.2,2.35,2.35,0.1,0.15,-1.45,0.8,2.85,1.9,1.42,1.91,2.71,1.92,0.95,-0.46,0.38,0.24,1.78,1.57,2.06,2.45,1.38,2.16,3.13,0.68,1,1.79,3.15,2.72,3.15,3.08,0.79,-2.55,3.26,2.1,1.42,1.63,1.91,1.92,1.62,2.29,2.19,1.64,-3.8,5.54,2.46,1.99,1.89
Yemen,YEM,,,,,,,,,,,,,,,,,,,,,,,,,,,,,,,2.3,4.17,0.16,2.85,1.94,1.17,1.93,2.72,0.59,2.96,0.71,0.9,0.74,0.97,2.37,-0.13,0.05,0.37,0.6,4.37,-15.34,-0.67,1.68,-3.2,-30.15,-12.06,-7.89,-2.19,,,,,,
Zambia,ZMB,-1.76,-5.51,0.06,8.73,13.01,-8.54,4.51,-1.97,-3.56,1.78,-2.8,6.18,-3.77,3.35,-5.15,3.05,-7.42,-2.44,-5.89,0,2.97,-5.89,-5.08,-3.36,-1.39,-2.24,-0.25,3.4,-3.6,-3,-2.48,-4.07,4.28,-10.78,0.44,3.64,1.2,-2.96,1.88,1.02,2.18,1.34,3.68,3.68,3.75,4.25,4.6,4,5.42,6.55,2.12,4.16,1.75,1.42,-0.24,0.59,0.4,0.95,-1.52,-5.57,3.29,2.34,2.46,1.16
Zimbabwe,ZWE,3.04,-1.71,2.95,-4.18,1.65,-1.63,5.01,-1.2,8.92,18.86,5.7,5.05,-0.59,3.23,-4.99,-2.55,-9.21,-4.11,1.68,8.02,5.66,-1.29,-2.2,-5.33,3.31,-1.26,-2.14,4.2,2.2,4.11,2.82,-11.55,-0.41,9.11,-0.77,8.54,0.77,0.89,-2.41,-3.94,0.76,-9.77,-17.98,-6.82,-6.6,-4.63,-4.91,-18.65,11.69,17.76,12.19,14.79,0.56,0.98,0.43,-0.63,3.23,3.46,-7.79,-9.33,6.61,4.34,3.58,0.23
